sample-id	input	filtered	percentage of input passed filter	denoised	merged	percentage of input merged	non-chimeric	percentage of input non-chimeric	Experiment	Date	Port	Pesticide.Sample	Neonictinoids	Organophosphates	Pyrethroids	Sample.time	AM.PM	Number	Vol.filtered.mL	Temp	Conductivity	Turbidity.NTU	Nitrates.mgL	DO	DO.mg.L	pH	Salinity	Total.vol.gal	Wind.direction	Wind.ms	H2O.use	cloud.cover	Ambient.temperature	SampleType	Dosing
#q2:types	numeric	numeric	numeric	numeric	numeric	numeric	numeric	numeric																											
BR1B1001	26114	6407	24.53	5158	2516	9.63	2185	8.37	Sampling	20-Aug	1	BR1_1_001	20.5	0	0	10:38 AM	AM	1	180	16.93	3.295	-299	16.04	16.8	1.6	7.07	1.74	386309	W	NA	Y	0	21.1	Water	Pre
BR1B1002	21235	5112	24.07	4143	2866	13.5	2238	10.54	Sampling	20-Aug	4	BR1_4_001	76.6	0	0	10:38 AM	AM	2	360	17.154	3.288	-289	23.4	6.9	0.66	7.12	1.73	386309	W	NA	Y	0	21.1	Water	Pre
BR1B1003	7808	1434	18.37	964	475	6.08	432	5.53	Sampling	20-Aug	1					1:40 PM	PM	3	180	17.062	3.215	-296	278.76	14.2	1.37	7.14	1.69	NA		NA		NA	NA	Water	Pre
BR1B1004	28303	6863	24.25	5650	3470	12.26	2604	9.2	Sampling	20-Aug	4					2:08 PM	PM	4	420	17.297	3.216	-205	318.52	2.9	6.27	7.15	7.69	NA		NA		NA	NA	Water	Pre
BR1B1005	15825	98	0.62	29	10	0.06	9	0.06	Sampling	21-Aug	1	BR1_1_002	13.3	0	0	9:28 AM	AM	5	300	16.913	3.253	-308.86	4500	15.3	1.48	7.09	1.71	389795	E	2	Y	0	18	Water	Pre
BR1B1006	28287	6126	21.66	5038	3124	11.04	2450	8.66	Sampling	21-Aug	4	BR1_4_002	27.6	0	0	9:28 AM	AM	6	600	17.16	3.255	-228.85	1591.83	6.2	0.6	7.15	1.71	389795	E	2	Y	0	18	Water	Pre
BR1B1007	29659	6849	23.09	5697	3592	12.11	2595	8.75	Sampling	21-Aug	1					1:21 PM	PM	7	600	16.992	3.175	-313.3	5073.03	13.5	1.3	7.14	1.67	NA		NA		NA	NA	Water	Pre
BR1B1008	29781	7723	25.93	6177	3577	12.01	2961	9.94	Sampling	21-Aug	4					1:21 PM	PM	8	600	17.309	3.215	-269	2600	1.8	0.16	7.14	1.69	NA		NA		NA	NA	Water	Pre
BR1B1009	37	7	18.92	4	3	8.11	0	0	Sampling	8/26/24	1	BR1_1_003	28.7	0	0	9:56 AM	AM	9	480	16.997	3.223	0.33	1200	14.5	1.39	7.16	1.69	394294	SE	3	Y	5	25	Water	Pre
BR1B1010	50	8	16	4	1	2	0	0	Sampling	8/26/24	4	BR1_4_003	31.4	0	0	9:56 AM	AM	10	420	17.438	3.255	-0.13	2800	1.1	0.11	7.28	1.71	394294	SE	3	Y	5	25	Water	Pre
BR1B1011	13138	260	1.98	132	51	0.39	50	0.38	Sampling	8/26/24	1					4:00 PM	PM	11	720	16.961	3.144	-0.41	0.01	16.4	1.57	7.17	1.65	401643	NE	3		25	21	Water	Pre
BR1B1012	49	2	4.08	2	0	0	0	0	Sampling	8/26/24	4					4:13 PM	PM	12	840	17.534	3.225	-0.35	0.52	1.2	0.11	7.24	1.7	401643	NE	3		25	21	Water	Pre
BR1B1013b	217	15	6.91	1	0	0	0	0	Sampling	27-Aug	1	BR1_1_004	22.7	0	0	9:50 AM	AM	13	1800	16.957	3.089	-0.45	0	25	2.38	7.13	1.62	411177	SE	0	Y	40	18	Water	Pre
BR1B1014	19058	4904	25.73	3717	2171	11.39	1992	10.45	Sampling	27-Aug	4	BR1_4_004	24.4	0	0	9:50 AM	AM	14	660	16.9	3.116	8.2	0	1.3	0.13	7.13	1.64	411177	SE	0	Y	40	18	Water	Pre
BR1B1015	20137	1769	8.78	1323	701	3.48	607	3.01	Sampling	27-Aug	1					1:58 PM	PM	15	540	17.1	3.079	2.3	0	29.3	2.8	7.14	1.62	NA		NA		NA	NA	Water	Pre
BR1B1016b	4829	446	9.24	258	44	0.91	25	0.52	Sampling	27-Aug	4					2:05 PM	PM	16	480	17.47	3.107	0.8	0	4	0.37	7.17	1.63	NA		NA		NA	NA	Water	Pre
BR1B1017b	16010	165	1.03	61	7	0.04	7	0.04	Sampling	4-Sep	1	BR1_1_005	54	58.88	96	9:52 AM	AM	17	660	17.15	3.275	255	2300	12.6	1.2	7.04	1.72	432627	W	3	N	40	21	Water	Pre
BR1B1018b	521	66	12.67	62	62	11.9	61	11.71	Sampling	4-Sep	4	BR1_4_005	61	43	95.276	9:52 AM	AM	18	480	17.3	3.255	15.55	6300	7.3	0.69	7.16	1.71	432627	W	3	N	40	21	Water	Pre
BR1B1019	29	3	10.34	1	0	0	0	0	Sampling	4-Sep	1					2:27 PM	PM	19	480	17.333	3.22	1.5	0	9.8	0.94	7.16	1.69	435678	W	3	N	50	20	Water	Pre
BR1B1020	59	5	8.47	4	1	1.69	1	1.69	Sampling	4-Sep	4					2:27 PM	PM	20	480	17.5	3.213	8.3	0	5	0.46	7.18	1.69	435678	W	3	N	50	20	Water	Pre
BR1B1021	55	8	14.55	7	7	12.73	7	12.73	Sampling	5-Sep	1	BR1_1_006	50	49	95.505	10:07 AM	AM	21	1140	16.975	3.123	13.25	110	13.2	1.25	7.14	1.64	437856	NW	2	N	41	22	Water	Pre
BR1B1022	43	3	6.98	2	0	0	0	0	Sampling	5-Sep	4	BR1_4_006	80	74	103.729	10:11 AM	AM	22	NA	17.24	3.178	12.3	37	2.6	0.23	7.17	1.64	437856	NW	2	N	41	22	Water	Pre
BR1B1023	2071	100	4.83	53	38	1.83	33	1.59	Sampling	5-Sep	1					2:18 PM	PM	23	1380	17.359	3.099	-43.05	0	20.1	1.91	7.2	1.63	440431	W	3	N	33	22	Water	Pre
BR1B1024	27	5	18.52	1	0	0	0	0	Sampling	5-Sep	4					2:21 PM	PM	24	360	17.55	3.164	-41	0.05	3.8	0.35	7.2	1.66	440431	W	3	N	33	22	Water	Pre
BR1B1025	10899	2634	24.17	1949	1180	10.83	1067	9.79	Sampling	9/23/24	1	BR1_1_007	32	81.525	133.924	9:56 AM	AM	25	600	17.354	3.273	-0.78	NA	11.5	1.07	7.1	1.72	453647	W	2	N	33	18	Water	Post
BR1B1026	19101	4409	23.08	3187	1604	8.4	1517	7.94	Sampling	9/23/24	4	BR1_4_007	3710.9	55.97	217.546	9:56 AM	AM	26	1080	18.2	3.061	298.64	178	21	1.95	7.59	1.6	453647	W	2	N	33	18	Water	Post
BR1B1027	21237	4802	22.61	3497	2384	11.23	2200	10.36	Sampling	9/23/24	1					2:04 PM	PM	27	1500	17.457	3.23	0	NA	6.8	0.65	7.16	1.6	457050	W	3	N	36	22	Water	Post
BR1B1028	723	159	21.99	52	23	3.18	23	3.18	Sampling	9/23/24	4					2:04 PM	PM	28	240	17.968	3.246	7.86	5000	5.3	0.5	7.41	1.71	457050	W	3	N	36	22	Water	Post
BR1B1029	14303	3307	23.12	2613	1743	12.19	1592	11.13	Sampling	9/24/24	1	BR1_1_008	36	70	186.937	9:37 AM	AM	29	720	17.066	3.205	-0.37	0.46	12.5	1.19	7.17	1.69	457346	W	2	Y	41	20	Water	Post
BR1B1030	664	104	15.66	19	0	0	0	0	Sampling	9/24/24	4	BR1_4_008	2684.6	53	94.93	9:42 AM	AM	30	240	17.036	3.249	0.66	0.08	1.8	0.17	7.4	1.71	457346	W	2	Y	41	20	Water	Post
BR1B1031	14632	3272	22.36	2470	1437	9.82	1277	8.73	Sampling	9/24/24	1					2:15 PM	PM	31	600	17.533	3.205	-2.49	NA	14.3	1.36	7.19	1.68	457635	W	4	N	40	20	Water	Post
BR1B1032	10219	2461	24.08	1502	708	6.93	649	6.35	Sampling	9/24/24	4					2:20 PM	PM	32	300	17.39	3.241	811	NA	3.5	0.34	7.48	1.7	457635	W	4	N	40	20	Water	Post
BR1B1033	19514	2329	11.94	1839	1150	5.89	1042	5.34	Sampling	9/30/24	1	BR1_1_009	143.5999994		0	9:44 AM	AM	33	360	17.3	3.311	4.6	0	13	1.24	7.12	1.72	460424	NW	2	N	11	20	Water	Post
BR1B1034	14873	4184	28.13	3193	2245	15.09	2087	14.03	Sampling	9/30/24	4	BR1_4_009	2378.099998		31.52100038	9:44 AM	AM	34	720	17.4	3.305	4.66	0	12.4	1.15	7.44	1.72	460424	NW	2	N	11	20	Water	Post
BR1B1035	10197	2283	22.39	1796	1289	12.64	1231	12.07	Sampling	10/1/24	1					2:21 PM	PM	35	900	17.4	3.248	-0.21	83.17	9.1	0.87	7.17	1.69	463624	W	3	Y	0	26	Water	Post
BR1B1036	10470	2346	22.41	1550	811	7.75	767	7.33	Sampling	10/1/24	4					2:21 PM	PM	36	360	18.2	3.292	1398	89.05	8.2	0.76	7.33	1.71	463624	W	3	Y	0	26	Water	Post
BR1B1037	13838	3178	22.97	2327	1570	11.35	1419	10.25	Sampling	10/1/24	1	BR1_1_010	164.8999996		0	9:47 AM	AM	37	NA	17.4	3.233	-0.32	103.4	13.8	1.29	7.13	1.68	464912	NW	1	N	0	26	Water	Post
BR1B1038	7869	1566	19.9	961	489	6.21	454	5.77	Sampling	10/1/24	4	BR1_4_010	1347.700001		11.69999981	9:47 AM	AM	38	300	16.5	3.266	8	98.74	4.5	0.27	7.23	1.68	464912	NW	1	N	0	26	Water	Post
BR1B1039	2873	536	18.66	314	148	5.15	145	5.05	Sampling	10/1/24	1					2:15 PM	PM	39	480	18.1	3.237	1.14	99.81	14.9	1.38	7.18	1.58	464912	W	4	N	5	27	Water	Post
BR1B1040	20093	4094	20.38	2934	1749	8.7	1645	8.19	Sampling	10/1/24	4					2:15 PM	PM	40	180	18	3.264	5	96.99	12.5	0.94	7.28	1.69	464912	W	4	N	5	27	Water	Post
BR1B1041	32015	6698	20.92	4950	3093	9.66	2714	8.48	Sampling	10/7/24	1	BR1_1_011	16.5	0	0	10:00 AM	AM	41	1.08	17.4	2.832	17.27	88.19	13.2	1.25	7.13	1.74	465164	W	1	N	29	26	Water	Post
BR1B1042	22915	5474	23.89	4324	2922	12.75	2693	11.75	Sampling	10/7/24	4	BR1_4_011	3052.7	0	0	10:00 AM	AM	42	540	17.6	2.789	5	55	8.5	0.79	7.31	1.7	465164	W	1	N	29	26	Water	Post
BR1B1043	29612	5916	19.98	4264	2608	8.81	2338	7.9	Sampling	10/7/24	1					2:21 PM	PM	43	460	17.7	2.807	0.4	82.5	16.1	1.5	7.21	1.72	465168	W	4	N	16	26	Water	Post
BR1B1044	25581	4458	17.43	3388	2089	8.17	1926	7.53	Sampling	10/7/24	4					2:21 PM	PM	44	480	17.7	2.731	2.24	50	8	0.73	7.34	1.66	465168	W	4	N	16	26	Water	Post
BR1B1046	18795	3957	21.05	2784	1588	8.45	1422	7.57	Sampling	10/8/24	4	BR1_4_012	1699.89	0	0	9:40 AM	AM	46	540	17	2.745	2.24	4.7	3.4	0.31	7.31	1.71	465169	W	2	N	15	20	Water	Post
BR1B1047	16792	1851	11.02	1153	673	4.01	613	3.65	Sampling	10/8/24	1					1:40 PM	PM	47	960	17.5	2.775	0.51	94.2	15	1.47	7.19	1.7	465283	W	3	N	8	21	Water	Post
BR1B1048	18151	5122	28.22	3879	2476	13.64	2355	12.97	Sampling	10/8/24	4					1:40 PM	PM	48	540	17.3	2.762	6.7	71.36	3.5	0.33	7.33	1.71	465283	W	3	N	8	21	Water	Post
BR1D001	23735	4557	19.2	4535	4468	18.82	3768	15.88			NA							NA	NA	NA	NA	NA	NA	NA	NA	NA	NA	NA		NA		NA	NA		
BR1D002	17196	2228	12.96	2204	2137	12.43	1764	10.26			NA							NA	NA	NA	NA	NA	NA	NA	NA	NA	NA	NA		NA		NA	NA		
BR1D003	24045	4960	20.63	4943	4871	20.26	3742	15.56			NA							NA	NA	NA	NA	NA	NA	NA	NA	NA	NA	NA		NA		NA	NA		
BR1D004	17419	2656	15.25	2645	2614	15.01	2117	12.15			NA							NA	NA	NA	NA	NA	NA	NA	NA	NA	NA	NA		NA		NA	NA		
BR1D005	11796	527	4.47	525	505	4.28	463	3.93			NA							NA	NA	NA	NA	NA	NA	NA	NA	NA	NA	NA		NA		NA	NA		
BR1D006	8811	1235	14.02	1232	1218	13.82	1066	12.1			NA							NA	NA	NA	NA	NA	NA	NA	NA	NA	NA	NA		NA		NA	NA		
BR1D007	9778	156	1.6	151	120	1.23	102	1.04			NA							NA	NA	NA	NA	NA	NA	NA	NA	NA	NA	NA		NA		NA	NA		
BR1D008	22	2	9.09	1	0	0	0	0			NA							NA	NA	NA	NA	NA	NA	NA	NA	NA	NA	NA		NA		NA	NA		
BR1D009	18213	1027	5.64	1012	922	5.06	905	4.97			NA							NA	NA	NA	NA	NA	NA	NA	NA	NA	NA	NA		NA		NA	NA		
BR1D010	7727	314	4.06	313	274	3.55	254	3.29			NA							NA	NA	NA	NA	NA	NA	NA	NA	NA	NA	NA		NA		NA	NA		
BR1D011	14702	544	3.7	534	516	3.51	443	3.01			NA							NA	NA	NA	NA	NA	NA	NA	NA	NA	NA	NA		NA		NA	NA		
BR1D012	15857	652	4.11	649	645	4.07	559	3.53			NA							NA	NA	NA	NA	NA	NA	NA	NA	NA	NA	NA		NA		NA	NA		
BR1D013	9675	150	1.55	128	113	1.17	112	1.16			NA							NA	NA	NA	NA	NA	NA	NA	NA	NA	NA	NA		NA		NA	NA		
BR1D014	6157	1441	23.4	1370	1308	21.24	1160	18.84			NA							NA	NA	NA	NA	NA	NA	NA	NA	NA	NA	NA		NA		NA	NA		
BR1D015	14371	3291	22.9	3275	3246	22.59	2857	19.88			NA							NA	NA	NA	NA	NA	NA	NA	NA	NA	NA	NA		NA		NA	NA		
BR1D016	16331	5145	31.5	5101	5058	30.97	4357	26.68			NA							NA	NA	NA	NA	NA	NA	NA	NA	NA	NA	NA		NA		NA	NA		
BR1D017	25606	4178	16.32	4157	4142	16.18	3252	12.7			NA							NA	NA	NA	NA	NA	NA	NA	NA	NA	NA	NA		NA		NA	NA		
BR1D018	22219	7032	31.65	7024	6981	31.42	6065	27.3			NA							NA	NA	NA	NA	NA	NA	NA	NA	NA	NA	NA		NA		NA	NA		
BR1D019	3905	1214	31.09	1198	1179	30.19	1042	26.68			NA							NA	NA	NA	NA	NA	NA	NA	NA	NA	NA	NA		NA		NA	NA		
BR1D020	21238	5873	27.65	5866	5823	27.42	5059	23.82			NA							NA	NA	NA	NA	NA	NA	NA	NA	NA	NA	NA		NA		NA	NA		
BR1D021	4212	828	19.66	822	791	18.78	686	16.29			NA							NA	NA	NA	NA	NA	NA	NA	NA	NA	NA	NA		NA		NA	NA		
BR1D022	20986	5077	24.19	5068	5049	24.06	4106	19.57			NA							NA	NA	NA	NA	NA	NA	NA	NA	NA	NA	NA		NA		NA	NA		
BR1D023	20114	7081	35.2	7031	6853	34.07	5594	27.81			NA							NA	NA	NA	NA	NA	NA	NA	NA	NA	NA	NA		NA		NA	NA		
BR1D024	20753	6759	32.57	6737	6684	32.21	5982	28.82			NA							NA	NA	NA	NA	NA	NA	NA	NA	NA	NA	NA		NA		NA	NA		
BR1D025	35390	13655	38.58	13586	13482	38.1	10001	28.26			NA							NA	NA	NA	NA	NA	NA	NA	NA	NA	NA	NA		NA		NA	NA		
BR1D026	32303	10453	32.36	10394	10328	31.97	8095	25.06			NA							NA	NA	NA	NA	NA	NA	NA	NA	NA	NA	NA		NA		NA	NA		
BR1D027	19492	5463	28.03	5445	5393	27.67	4822	24.74			NA							NA	NA	NA	NA	NA	NA	NA	NA	NA	NA	NA		NA		NA	NA		
BR1D028	28300	10277	36.31	10227	10205	36.06	7747	27.37			NA							NA	NA	NA	NA	NA	NA	NA	NA	NA	NA	NA		NA		NA	NA		
BR1D029	26989	9927	36.78	9908	9808	36.34	8239	30.53			NA							NA	NA	NA	NA	NA	NA	NA	NA	NA	NA	NA		NA		NA	NA		
BR1D030	19231	5577	29	5573	5523	28.72	4931	25.64			NA							NA	NA	NA	NA	NA	NA	NA	NA	NA	NA	NA		NA		NA	NA		
BR1D031	17494	2924	16.71	2915	2898	16.57	2477	14.16			NA							NA	NA	NA	NA	NA	NA	NA	NA	NA	NA	NA		NA		NA	NA		
BR1D032	16765	2164	12.91	2150	2102	12.54	1812	10.81			NA							NA	NA	NA	NA	NA	NA	NA	NA	NA	NA	NA		NA		NA	NA		
BR1D033	12447	1118	8.98	1116	1088	8.74	942	7.57			NA							NA	NA	NA	NA	NA	NA	NA	NA	NA	NA	NA		NA		NA	NA		
BR1D034	15348	2188	14.26	2185	2169	14.13	1741	11.34			NA							NA	NA	NA	NA	NA	NA	NA	NA	NA	NA	NA		NA		NA	NA		
BR1D035	3193	221	6.92	218	150	4.7	110	3.45			NA							NA	NA	NA	NA	NA	NA	NA	NA	NA	NA	NA		NA		NA	NA		
BR1D036	12895	528	4.09	518	504	3.91	434	3.37			NA							NA	NA	NA	NA	NA	NA	NA	NA	NA	NA	NA		NA		NA	NA		
BR1D037	14103	1171	8.3	1164	1161	8.23	958	6.79			NA							NA	NA	NA	NA	NA	NA	NA	NA	NA	NA	NA		NA		NA	NA		
BR1D038	9096	854	9.39	849	802	8.82	711	7.82			NA							NA	NA	NA	NA	NA	NA	NA	NA	NA	NA	NA		NA		NA	NA		
BR1D039	17836	1394	7.82	1388	1361	7.63	1179	6.61			NA							NA	NA	NA	NA	NA	NA	NA	NA	NA	NA	NA		NA		NA	NA		
BR1D040	46111	5118	11.1	5076	4714	10.22	4080	8.85			NA							NA	NA	NA	NA	NA	NA	NA	NA	NA	NA	NA		NA		NA	NA		
BR1D041	16895	258	1.53	255	244	1.44	209	1.24			NA							NA	NA	NA	NA	NA	NA	NA	NA	NA	NA	NA		NA		NA	NA		
BR1D042	26673	10048	37.67	10028	9968	37.37	8250	30.93			NA							NA	NA	NA	NA	NA	NA	NA	NA	NA	NA	NA		NA		NA	NA		
BR1D043	24863	9364	37.66	9337	9193	36.97	7367	29.63			NA							NA	NA	NA	NA	NA	NA	NA	NA	NA	NA	NA		NA		NA	NA		
BR1D044	23671	7037	29.73	7008	6902	29.16	6189	26.15			NA							NA	NA	NA	NA	NA	NA	NA	NA	NA	NA	NA		NA		NA	NA		
BR1D045	26118	8252	31.6	8215	8058	30.85	6256	23.95			NA							NA	NA	NA	NA	NA	NA	NA	NA	NA	NA	NA		NA		NA	NA		
BR1D046	35552	13083	36.8	13045	12958	36.45	10690	30.07			NA							NA	NA	NA	NA	NA	NA	NA	NA	NA	NA	NA		NA		NA	NA		
BR1D047	16183	4819	29.78	4812	4692	28.99	4098	25.32			NA							NA	NA	NA	NA	NA	NA	NA	NA	NA	NA	NA		NA		NA	NA		
BR1D048	23225	6008	25.87	5990	5863	25.24	4539	19.54			NA							NA	NA	NA	NA	NA	NA	NA	NA	NA	NA	NA		NA		NA	NA		
BR1D049	23411	7364	31.46	7353	7238	30.92	5582	23.84			NA							NA	NA	NA	NA	NA	NA	NA	NA	NA	NA	NA		NA		NA	NA		
BR1D050	20172	3274	16.23	3262	3236	16.04	2691	13.34			NA							NA	NA	NA	NA	NA	NA	NA	NA	NA	NA	NA		NA		NA	NA		
BR1D051	23933	7821	32.68	7803	7721	32.26	6356	26.56			NA							NA	NA	NA	NA	NA	NA	NA	NA	NA	NA	NA		NA		NA	NA		
BR1D052	29250	9189	31.42	9118	9064	30.99	6775	23.16			NA							NA	NA	NA	NA	NA	NA	NA	NA	NA	NA	NA		NA		NA	NA		
BR1D053	24191	6549	27.07	6533	6419	26.53	5194	21.47			NA							NA	NA	NA	NA	NA	NA	NA	NA	NA	NA	NA		NA		NA	NA		
BR1D054	15555	4118	26.47	4112	4074	26.19	3586	23.05			NA							NA	NA	NA	NA	NA	NA	NA	NA	NA	NA	NA		NA		NA	NA		
BR1D055	22413	5818	25.96	5793	5719	25.52	4511	20.13			NA							NA	NA	NA	NA	NA	NA	NA	NA	NA	NA	NA		NA		NA	NA		
BR1D056	22376	5783	25.84	5764	5595	25	4202	18.78			NA							NA	NA	NA	NA	NA	NA	NA	NA	NA	NA	NA		NA		NA	NA		
BR1D057	21899	4958	22.64	4932	4820	22.01	3883	17.73			NA							NA	NA	NA	NA	NA	NA	NA	NA	NA	NA	NA		NA		NA	NA		
BR1D058	22659	5832	25.74	5819	5771	25.47	4737	20.91			NA							NA	NA	NA	NA	NA	NA	NA	NA	NA	NA	NA		NA		NA	NA		
BR1D059	20470	7179	35.07	7167	7093	34.65	6200	30.29			NA							NA	NA	NA	NA	NA	NA	NA	NA	NA	NA	NA		NA		NA	NA		
BR1D060	21858	7979	36.5	7961	7833	35.84	6517	29.82			NA							NA	NA	NA	NA	NA	NA	NA	NA	NA	NA	NA		NA		NA	NA		
BR1D061	75	11	14.67	7	5	6.67	0	0			NA							NA	NA	NA	NA	NA	NA	NA	NA	NA	NA	NA		NA		NA	NA		
BR1D062	46	11	23.91	9	1	2.17	1	2.17			NA							NA	NA	NA	NA	NA	NA	NA	NA	NA	NA	NA		NA		NA	NA		
BR1D063	29216	7639	26.15	7620	7503	25.68	5999	20.53			NA							NA	NA	NA	NA	NA	NA	NA	NA	NA	NA	NA		NA		NA	NA		
BR1D064	40	5	12.5	3	0	0	0	0			NA							NA	NA	NA	NA	NA	NA	NA	NA	NA	NA	NA		NA		NA	NA		
BR1D065	51	11	21.57	7	1	1.96	0	0			NA							NA	NA	NA	NA	NA	NA	NA	NA	NA	NA	NA		NA		NA	NA		
BR1D066	69	11	15.94	9	0	0	0	0			NA							NA	NA	NA	NA	NA	NA	NA	NA	NA	NA	NA		NA		NA	NA		
BR1D067	58	5	8.62	4	0	0	0	0			NA							NA	NA	NA	NA	NA	NA	NA	NA	NA	NA	NA		NA		NA	NA		
BR1D068	17341	3963	22.85	3948	3827	22.07	3482	20.08			NA							NA	NA	NA	NA	NA	NA	NA	NA	NA	NA	NA		NA		NA	NA		
BR1D069	22785	6196	27.19	6176	6065	26.62	4879	21.41			NA							NA	NA	NA	NA	NA	NA	NA	NA	NA	NA	NA		NA		NA	NA		
BR1D070	26374	7499	28.43	7469	7337	27.82	5543	21.02			NA							NA	NA	NA	NA	NA	NA	NA	NA	NA	NA	NA		NA		NA	NA		
BR1D071	54	7	12.96	1	0	0	0	0			NA							NA	NA	NA	NA	NA	NA	NA	NA	NA	NA	NA		NA		NA	NA		
BR1D072	48	2	4.17	1	0	0	0	0			NA							NA	NA	NA	NA	NA	NA	NA	NA	NA	NA	NA		NA		NA	NA		
BR1D073	30	5	16.67	1	0	0	0	0			NA							NA	NA	NA	NA	NA	NA	NA	NA	NA	NA	NA		NA		NA	NA		
BR1D074	48	6	12.5	5	0	0	0	0			NA							NA	NA	NA	NA	NA	NA	NA	NA	NA	NA	NA		NA		NA	NA		
BR1D075	25700	5918	23.03	5901	5728	22.29	4473	17.4			NA							NA	NA	NA	NA	NA	NA	NA	NA	NA	NA	NA		NA		NA	NA		
BR1D076	24629	6612	26.85	6558	6419	26.06	4772	19.38			NA							NA	NA	NA	NA	NA	NA	NA	NA	NA	NA	NA		NA		NA	NA		
BR1D077	52	6	11.54	2	0	0	0	0			NA							NA	NA	NA	NA	NA	NA	NA	NA	NA	NA	NA		NA		NA	NA		
BR1D078	51	5	9.8	2	0	0	0	0			NA							NA	NA	NA	NA	NA	NA	NA	NA	NA	NA	NA		NA		NA	NA		
BR1D079	58	9	15.52	6	6	10.34	6	10.34			NA							NA	NA	NA	NA	NA	NA	NA	NA	NA	NA	NA		NA		NA	NA		
BR1D080	21	1	4.76	1	1	4.76	0	0			NA							NA	NA	NA	NA	NA	NA	NA	NA	NA	NA	NA		NA		NA	NA		
BR1D081	122	23	18.85	20	20	16.39	16	13.11			NA							NA	NA	NA	NA	NA	NA	NA	NA	NA	NA	NA		NA		NA	NA		
BR1D082	79	12	15.19	6	0	0	0	0			NA							NA	NA	NA	NA	NA	NA	NA	NA	NA	NA	NA		NA		NA	NA		
BR1D083	72	12	16.67	7	0	0	0	0			NA							NA	NA	NA	NA	NA	NA	NA	NA	NA	NA	NA		NA		NA	NA		
BR1D084	38	8	21.05	1	0	0	0	0			NA							NA	NA	NA	NA	NA	NA	NA	NA	NA	NA	NA		NA		NA	NA		
BR1D085	30981	11152	36	11114	11009	35.53	7675	24.77			NA							NA	NA	NA	NA	NA	NA	NA	NA	NA	NA	NA		NA		NA	NA		
BR1D086	80	11	13.75	10	0	0	0	0			NA							NA	NA	NA	NA	NA	NA	NA	NA	NA	NA	NA		NA		NA	NA		
BR1D087	23950	7820	32.65	7727	7422	30.99	5784	24.15			NA							NA	NA	NA	NA	NA	NA	NA	NA	NA	NA	NA		NA		NA	NA		
BR1D088	20195	5974	29.58	5938	5750	28.47	4827	23.9			NA							NA	NA	NA	NA	NA	NA	NA	NA	NA	NA	NA		NA		NA	NA		
BR1D089	30	5	16.67	2	0	0	0	0			NA							NA	NA	NA	NA	NA	NA	NA	NA	NA	NA	NA		NA		NA	NA		
BR1D090	50	5	10	4	0	0	0	0			NA							NA	NA	NA	NA	NA	NA	NA	NA	NA	NA	NA		NA		NA	NA		
BR1D091	4518	1396	30.9	1378	1311	29.02	1108	24.52			NA							NA	NA	NA	NA	NA	NA	NA	NA	NA	NA	NA		NA		NA	NA		
BR1D092	7221	2105	29.15	2099	2040	28.25	1559	21.59			NA							NA	NA	NA	NA	NA	NA	NA	NA	NA	NA	NA		NA		NA	NA		
BR1D093	12330	4050	32.85	4030	3965	32.16	2964	24.04			NA							NA	NA	NA	NA	NA	NA	NA	NA	NA	NA	NA		NA		NA	NA		
BR1D094	8822	1415	16.04	1403	1347	15.27	1052	11.92			NA							NA	NA	NA	NA	NA	NA	NA	NA	NA	NA	NA		NA		NA	NA		
BR1D095	27390	9094	33.2	9036	8731	31.88	7077	25.84			NA							NA	NA	NA	NA	NA	NA	NA	NA	NA	NA	NA		NA		NA	NA		
BR1D096	21238	6744	31.75	6703	6517	30.69	5310	25			NA							NA	NA	NA	NA	NA	NA	NA	NA	NA	NA	NA		NA		NA	NA		
BR1D097	21854	5293	24.22	5265	5115	23.41	4123	18.87			NA							NA	NA	NA	NA	NA	NA	NA	NA	NA	NA	NA		NA		NA	NA		
BR1D098	19335	4599	23.79	4535	4218	21.82	3714	19.21			NA							NA	NA	NA	NA	NA	NA	NA	NA	NA	NA	NA		NA		NA	NA		
BR1D099	26722	6903	25.83	6863	6554	24.53	5212	19.5			NA							NA	NA	NA	NA	NA	NA	NA	NA	NA	NA	NA		NA		NA	NA		
BR1D100	26946	7598	28.2	7590	7473	27.73	6057	22.48			NA							NA	NA	NA	NA	NA	NA	NA	NA	NA	NA	NA		NA		NA	NA		
BR1D101	27744	6617	23.85	6577	6505	23.45	4759	17.15			NA							NA	NA	NA	NA	NA	NA	NA	NA	NA	NA	NA		NA		NA	NA		
BR1D102	19494	4637	23.79	4612	4478	22.97	3967	20.35			NA							NA	NA	NA	NA	NA	NA	NA	NA	NA	NA	NA		NA		NA	NA		
BR1D103	63255	20939	33.1	19674	17144	27.1	15464	24.45			NA							NA	NA	NA	NA	NA	NA	NA	NA	NA	NA	NA		NA		NA	NA		
BR1D104	51054	16933	33.17	15863	14036	27.49	11021	21.59			NA							NA	NA	NA	NA	NA	NA	NA	NA	NA	NA	NA		NA		NA	NA		
BR1D105	38632	11641	30.13	11104	10540	27.28	7746	20.05			NA							NA	NA	NA	NA	NA	NA	NA	NA	NA	NA	NA		NA		NA	NA		
BR1D106	44730	12546	28.05	11560	10224	22.86	8208	18.35			NA							NA	NA	NA	NA	NA	NA	NA	NA	NA	NA	NA		NA		NA	NA		
BR1D107	63301	19559	30.9	17990	15564	24.59	11905	18.81			NA							NA	NA	NA	NA	NA	NA	NA	NA	NA	NA	NA		NA		NA	NA		
BR1D108	53197	17496	32.89	16205	13933	26.19	11861	22.3			NA							NA	NA	NA	NA	NA	NA	NA	NA	NA	NA	NA		NA		NA	NA		
BR1D109	49431	14120	28.57	12988	11764	23.8	8648	17.5			NA							NA	NA	NA	NA	NA	NA	NA	NA	NA	NA	NA		NA		NA	NA		
BR1D110	33900	10578	31.2	9711	8546	25.21	7268	21.44			NA							NA	NA	NA	NA	NA	NA	NA	NA	NA	NA	NA		NA		NA	NA		
BR1D111	24752	7884	31.85	7872	7719	31.19	6303	25.46			NA							NA	NA	NA	NA	NA	NA	NA	NA	NA	NA	NA		NA		NA	NA		
BR1D112	21173	6068	28.66	6021	5742	27.12	5218	24.64			NA							NA	NA	NA	NA	NA	NA	NA	NA	NA	NA	NA		NA		NA	NA		
BR1D114	21295	6385	29.98	6344	6094	28.62	5203	24.43			NA							NA	NA	NA	NA	NA	NA	NA	NA	NA	NA	NA		NA		NA	NA		
BR1D116	31271	8924	28.54	8864	8283	26.49	6896	22.05			NA							NA	NA	NA	NA	NA	NA	NA	NA	NA	NA	NA		NA		NA	NA		
BR1D117	23101	7167	31.02	7141	6850	29.65	5759	24.93			NA							NA	NA	NA	NA	NA	NA	NA	NA	NA	NA	NA		NA		NA	NA		
BR1D118	27394	9736	35.54	9685	9323	34.03	7857	28.68			NA							NA	NA	NA	NA	NA	NA	NA	NA	NA	NA	NA		NA		NA	NA		
BR1D119	27602	10143	36.75	10099	9742	35.29	7804	28.27			NA							NA	NA	NA	NA	NA	NA	NA	NA	NA	NA	NA		NA		NA	NA		
BR1D120	28515	8939	31.35	8905	8785	30.81	6650	23.32			NA							NA	NA	NA	NA	NA	NA	NA	NA	NA	NA	NA		NA		NA	NA		
BR1D121	23508	7605	32.35	7591	7493	31.87	6125	26.05			NA							NA	NA	NA	NA	NA	NA	NA	NA	NA	NA	NA		NA		NA	NA		
BR1D122	21398	6481	30.29	6465	6378	29.81	5338	24.95			NA							NA	NA	NA	NA	NA	NA	NA	NA	NA	NA	NA		NA		NA	NA		
BR1D123	25280	7606	30.09	7582	7483	29.6	6204	24.54			NA							NA	NA	NA	NA	NA	NA	NA	NA	NA	NA	NA		NA		NA	NA		
BR1D124	16387	5024	30.66	5013	4937	30.13	4302	26.25			NA							NA	NA	NA	NA	NA	NA	NA	NA	NA	NA	NA		NA		NA	NA		
BR1D125	25733	7819	30.39	7791	7654	29.74	6317	24.55			NA							NA	NA	NA	NA	NA	NA	NA	NA	NA	NA	NA		NA		NA	NA		
BR1D126	24884	8147	32.74	8125	8038	32.3	6618	26.6			NA							NA	NA	NA	NA	NA	NA	NA	NA	NA	NA	NA		NA		NA	NA		
BR1D127	19461	2903	14.92	2883	2841	14.6	2304	11.84			NA							NA	NA	NA	NA	NA	NA	NA	NA	NA	NA	NA		NA		NA	NA		
BR1D128	30373	9592	31.58	9547	9408	30.97	7183	23.65			NA							NA	NA	NA	NA	NA	NA	NA	NA	NA	NA	NA		NA		NA	NA		
BR1D129	38674	11820	30.56	11780	11619	30.04	9244	23.9			NA							NA	NA	NA	NA	NA	NA	NA	NA	NA	NA	NA		NA		NA	NA		
BR1D130	30633	8553	27.92	8540	8452	27.59	7018	22.91			NA							NA	NA	NA	NA	NA	NA	NA	NA	NA	NA	NA		NA		NA	NA		
BR1D131	32283	7890	24.44	7871	7801	24.16	6307	19.54			NA							NA	NA	NA	NA	NA	NA	NA	NA	NA	NA	NA		NA		NA	NA		
BR1D132	24158	6005	24.86	5916	5797	24	5115	21.17			NA							NA	NA	NA	NA	NA	NA	NA	NA	NA	NA	NA		NA		NA	NA		
BR1D133	24691	6871	27.83	6813	6640	26.89	5582	22.61			NA							NA	NA	NA	NA	NA	NA	NA	NA	NA	NA	NA		NA		NA	NA		
BR1D134	30904	7526	24.35	7471	7414	23.99	6160	19.93			NA							NA	NA	NA	NA	NA	NA	NA	NA	NA	NA	NA		NA		NA	NA		
BR1D135	27250	7135	26.18	7104	6980	25.61	5631	20.66			NA							NA	NA	NA	NA	NA	NA	NA	NA	NA	NA	NA		NA		NA	NA		
BR1D136	34621	12866	37.16	12831	12655	36.55	10349	29.89			NA							NA	NA	NA	NA	NA	NA	NA	NA	NA	NA	NA		NA		NA	NA		
BR1D137	34297	12668	36.94	12608	12189	35.54	9540	27.82			NA							NA	NA	NA	NA	NA	NA	NA	NA	NA	NA	NA		NA		NA	NA		
BR1D138	37242	11612	31.18	11527	11328	30.42	8746	23.48			NA							NA	NA	NA	NA	NA	NA	NA	NA	NA	NA	NA		NA		NA	NA		
BR1D139	18952	5397	28.48	5337	5093	26.87	4882	25.76			NA							NA	NA	NA	NA	NA	NA	NA	NA	NA	NA	NA		NA		NA	NA		
BR1D140	31998	11309	35.34	11218	10763	33.64	9421	29.44			NA							NA	NA	NA	NA	NA	NA	NA	NA	NA	NA	NA		NA		NA	NA		
BR1D141	24988	8915	35.68	8849	8478	33.93	7610	30.45			NA							NA	NA	NA	NA	NA	NA	NA	NA	NA	NA	NA		NA		NA	NA		
BR1DS2	26165	7679	29.35	7610	6779	25.91	6026	23.03			NA							NA	NA	NA	NA	NA	NA	NA	NA	NA	NA	NA		NA		NA	NA		
BR1DS3	51	10	19.61	9	0	0	0	0			NA							NA	NA	NA	NA	NA	NA	NA	NA	NA	NA	NA		NA		NA	NA		
BR1DS4	26183	7540	28.8	7470	6536	24.96	5899	22.53			NA							NA	NA	NA	NA	NA	NA	NA	NA	NA	NA	NA		NA		NA	NA		
BR1DS5	24603	7020	28.53	6948	6123	24.89	5279	21.46			NA							NA	NA	NA	NA	NA	NA	NA	NA	NA	NA	NA		NA		NA	NA		
BR1P001	8853	2754	31.11	2745	2733	30.87	2377	26.85			NA							NA	NA	NA	NA	NA	NA	NA	NA	NA	NA	NA		NA		NA	NA		
BR1P002	10708	3747	34.99	3740	3724	34.78	3207	29.95			NA							NA	NA	NA	NA	NA	NA	NA	NA	NA	NA	NA		NA		NA	NA		
BR1P003	27292	9311	34.12	9295	9256	33.91	8051	29.5			NA							NA	NA	NA	NA	NA	NA	NA	NA	NA	NA	NA		NA		NA	NA		
BR1P004	78306	24747	31.6	24683	24450	31.22	15801	20.18			NA							NA	NA	NA	NA	NA	NA	NA	NA	NA	NA	NA		NA		NA	NA		
BR1P005	23952	8624	36.01	8574	8501	35.49	6694	27.95			NA							NA	NA	NA	NA	NA	NA	NA	NA	NA	NA	NA		NA		NA	NA		
BR1P006	18207	6787	37.28	6752	6661	36.58	5490	30.15			NA							NA	NA	NA	NA	NA	NA	NA	NA	NA	NA	NA		NA		NA	NA		
BR1P007	3832	1223	31.92	1218	1204	31.42	953	24.87			NA							NA	NA	NA	NA	NA	NA	NA	NA	NA	NA	NA		NA		NA	NA		
BR1P008	20741	4371	21.07	4341	4271	20.59	3319	16			NA							NA	NA	NA	NA	NA	NA	NA	NA	NA	NA	NA		NA		NA	NA		
BR1P009	14053	3692	26.27	3688	3665	26.08	3143	22.37			NA							NA	NA	NA	NA	NA	NA	NA	NA	NA	NA	NA		NA		NA	NA		
BR1P010	13983	2255	16.13	2246	2216	15.85	1712	12.24			NA							NA	NA	NA	NA	NA	NA	NA	NA	NA	NA	NA		NA		NA	NA		
BR1P011	8002	2949	36.85	2945	2911	36.38	2570	32.12			NA							NA	NA	NA	NA	NA	NA	NA	NA	NA	NA	NA		NA		NA	NA		
BR1P012	38251	11900	31.11	11852	11662	30.49	9345	24.43			NA							NA	NA	NA	NA	NA	NA	NA	NA	NA	NA	NA		NA		NA	NA		
BR1P013	21384	6852	32.04	6847	6804	31.82	5527	25.85			NA							NA	NA	NA	NA	NA	NA	NA	NA	NA	NA	NA		NA		NA	NA		
BR1P014	11156	3240	29.04	3225	3199	28.68	2659	23.83			NA							NA	NA	NA	NA	NA	NA	NA	NA	NA	NA	NA		NA		NA	NA		
BR1P015	83013	28766	34.65	28677	28474	34.3	20030	24.13			NA							NA	NA	NA	NA	NA	NA	NA	NA	NA	NA	NA		NA		NA	NA		
BR1P016	19531	6359	32.56	6086	5993	30.68	5165	26.45			NA							NA	NA	NA	NA	NA	NA	NA	NA	NA	NA	NA		NA		NA	NA		
BR1P017	34163	8959	26.22	8950	8931	26.14	6450	18.88			NA							NA	NA	NA	NA	NA	NA	NA	NA	NA	NA	NA		NA		NA	NA		
BR1P018	18356	5743	31.29	5737	5728	31.21	4887	26.62			NA							NA	NA	NA	NA	NA	NA	NA	NA	NA	NA	NA		NA		NA	NA		
BR1P019	13405	3680	27.45	3671	3667	27.36	3159	23.57			NA							NA	NA	NA	NA	NA	NA	NA	NA	NA	NA	NA		NA		NA	NA		
BR1P020	31615	10878	34.41	10862	10843	34.3	9106	28.8			NA							NA	NA	NA	NA	NA	NA	NA	NA	NA	NA	NA		NA		NA	NA		
BR1P021	19504	5998	30.75	5986	5978	30.65	5135	26.33			NA							NA	NA	NA	NA	NA	NA	NA	NA	NA	NA	NA		NA		NA	NA		
BR1P022	33987	12437	36.59	12411	12366	36.38	10550	31.04			NA							NA	NA	NA	NA	NA	NA	NA	NA	NA	NA	NA		NA		NA	NA		
BR1P023	18821	6257	33.24	6241	6185	32.86	5261	27.95			NA							NA	NA	NA	NA	NA	NA	NA	NA	NA	NA	NA		NA		NA	NA		
BR1P025	44430	9122	20.53	9113	9083	20.44	7467	16.81			NA							NA	NA	NA	NA	NA	NA	NA	NA	NA	NA	NA		NA		NA	NA		
BR1P026	37264	6081	16.32	6057	6042	16.21	5040	13.53			NA							NA	NA	NA	NA	NA	NA	NA	NA	NA	NA	NA		NA		NA	NA		
BR1P027	10834	3570	32.95	3559	3548	32.75	3013	27.81			NA							NA	NA	NA	NA	NA	NA	NA	NA	NA	NA	NA		NA		NA	NA		
BR1P028	21502	7132	33.17	7112	7093	32.99	5876	27.33			NA							NA	NA	NA	NA	NA	NA	NA	NA	NA	NA	NA		NA		NA	NA		
BR1P029	14162	4409	31.13	4405	4383	30.95	3865	27.29			NA							NA	NA	NA	NA	NA	NA	NA	NA	NA	NA	NA		NA		NA	NA		
BR1P031	17837	6590	36.95	6579	6572	36.84	5542	31.07			NA							NA	NA	NA	NA	NA	NA	NA	NA	NA	NA	NA		NA		NA	NA		
BR1P032	21807	6979	32	6964	6911	31.69	5533	25.37			NA							NA	NA	NA	NA	NA	NA	NA	NA	NA	NA	NA		NA		NA	NA		
BR1P033	18451	5732	31.07	5726	5706	30.93	4629	25.09			NA							NA	NA	NA	NA	NA	NA	NA	NA	NA	NA	NA		NA		NA	NA		
BR1P034	28951	9972	34.44	9953	9857	34.05	7614	26.3			NA							NA	NA	NA	NA	NA	NA	NA	NA	NA	NA	NA		NA		NA	NA		
BR1P035	32790	9954	30.36	9919	9905	30.21	7909	24.12			NA							NA	NA	NA	NA	NA	NA	NA	NA	NA	NA	NA		NA		NA	NA		
BR1P036	12663	4082	32.24	4067	4056	32.03	3302	26.08			NA							NA	NA	NA	NA	NA	NA	NA	NA	NA	NA	NA		NA		NA	NA		
BR1P037	23883	7446	31.18	7434	7425	31.09	6305	26.4			NA							NA	NA	NA	NA	NA	NA	NA	NA	NA	NA	NA		NA		NA	NA		
BR1P038	20282	7253	35.76	7243	7210	35.55	5588	27.55			NA							NA	NA	NA	NA	NA	NA	NA	NA	NA	NA	NA		NA		NA	NA		
BR1P039	27270	8827	32.37	8815	8794	32.25	6449	23.65			NA							NA	NA	NA	NA	NA	NA	NA	NA	NA	NA	NA		NA		NA	NA		
BR1P040	12012	3573	29.75	3562	3553	29.58	2886	24.03			NA							NA	NA	NA	NA	NA	NA	NA	NA	NA	NA	NA		NA		NA	NA		
BR1P041	29456	10099	34.29	10084	10059	34.15	7853	26.66			NA							NA	NA	NA	NA	NA	NA	NA	NA	NA	NA	NA		NA		NA	NA		
BR1P042	18359	5674	30.91	5660	5640	30.72	4523	24.64			NA							NA	NA	NA	NA	NA	NA	NA	NA	NA	NA	NA		NA		NA	NA		
BR1P043	24071	3771	15.67	3764	3733	15.51	2894	12.02			NA							NA	NA	NA	NA	NA	NA	NA	NA	NA	NA	NA		NA		NA	NA		
BR1P044	33671	9579	28.45	9568	9507	28.23	7502	22.28			NA							NA	NA	NA	NA	NA	NA	NA	NA	NA	NA	NA		NA		NA	NA		
BR1P045	23820	5275	22.15	5238	5203	21.84	3637	15.27			NA							NA	NA	NA	NA	NA	NA	NA	NA	NA	NA	NA		NA		NA	NA		
BR1P046	21515	6190	28.77	6171	6132	28.5	4740	22.03			NA							NA	NA	NA	NA	NA	NA	NA	NA	NA	NA	NA		NA		NA	NA		
BR1P047	6414	2039	31.79	2028	1992	31.06	1642	25.6			NA							NA	NA	NA	NA	NA	NA	NA	NA	NA	NA	NA		NA		NA	NA		
BR1P048	14098	4941	35.05	4929	4892	34.7	4138	29.35			NA							NA	NA	NA	NA	NA	NA	NA	NA	NA	NA	NA		NA		NA	NA		
BR1P049	30848	11421	37.02	11393	11200	36.31	7990	25.9			NA							NA	NA	NA	NA	NA	NA	NA	NA	NA	NA	NA		NA		NA	NA		
BR1P050	41985	14053	33.47	13981	13705	32.64	10074	23.99			NA							NA	NA	NA	NA	NA	NA	NA	NA	NA	NA	NA		NA		NA	NA		
BR1P051	22690	7226	31.85	7202	7131	31.43	6125	26.99			NA							NA	NA	NA	NA	NA	NA	NA	NA	NA	NA	NA		NA		NA	NA		
BR1P052	42780	15673	36.64	15619	15391	35.98	11729	27.42			NA							NA	NA	NA	NA	NA	NA	NA	NA	NA	NA	NA		NA		NA	NA		
BR1P053	27771	8102	29.17	8051	7916	28.5	6175	22.24			NA							NA	NA	NA	NA	NA	NA	NA	NA	NA	NA	NA		NA		NA	NA		
BR1P054	60402	19098	31.62	19060	18779	31.09	13814	22.87			NA							NA	NA	NA	NA	NA	NA	NA	NA	NA	NA	NA		NA		NA	NA		
BR1P055	2218	497	22.41	493	490	22.09	417	18.8			NA							NA	NA	NA	NA	NA	NA	NA	NA	NA	NA	NA		NA		NA	NA		
BR1P056	132127	42820	32.41	42688	42106	31.87	26977	20.42			NA							NA	NA	NA	NA	NA	NA	NA	NA	NA	NA	NA		NA		NA	NA		
BR1P057	31735	10271	32.36	10229	10076	31.75	7971	25.12			NA							NA	NA	NA	NA	NA	NA	NA	NA	NA	NA	NA		NA		NA	NA		
BR1P058	15375	4565	29.69	4541	4466	29.05	3408	22.17			NA							NA	NA	NA	NA	NA	NA	NA	NA	NA	NA	NA		NA		NA	NA		
BR1P059	17866	6235	34.9	6223	6192	34.66	5123	28.67			NA							NA	NA	NA	NA	NA	NA	NA	NA	NA	NA	NA		NA		NA	NA		
BR1P060	88102	31422	35.67	31347	30982	35.17	22946	26.04			NA							NA	NA	NA	NA	NA	NA	NA	NA	NA	NA	NA		NA		NA	NA		
BR1P061	36741	11085	30.17	11022	10932	29.75	8824	24.02			NA							NA	NA	NA	NA	NA	NA	NA	NA	NA	NA	NA		NA		NA	NA		
BR1P062	18494	5774	31.22	5753	5687	30.75	4729	25.57			NA							NA	NA	NA	NA	NA	NA	NA	NA	NA	NA	NA		NA		NA	NA		
BR1P063	21257	2572	12.1	2564	2534	11.92	2202	10.36			NA							NA	NA	NA	NA	NA	NA	NA	NA	NA	NA	NA		NA		NA	NA		
BR1P064	17222	4548	26.41	4537	4518	26.23	3923	22.78			NA							NA	NA	NA	NA	NA	NA	NA	NA	NA	NA	NA		NA		NA	NA		
BR1P065	25813	7821	30.3	7794	7726	29.93	6011	23.29			NA							NA	NA	NA	NA	NA	NA	NA	NA	NA	NA	NA		NA		NA	NA		
BR1P066	15368	4467	29.07	4459	4435	28.86	3922	25.52			NA							NA	NA	NA	NA	NA	NA	NA	NA	NA	NA	NA		NA		NA	NA		
BR1P067	18132	6124	33.77	6116	6091	33.59	5346	29.48			NA							NA	NA	NA	NA	NA	NA	NA	NA	NA	NA	NA		NA		NA	NA		
BR1P068	12780	3281	25.67	3271	3233	25.3	2785	21.79			NA							NA	NA	NA	NA	NA	NA	NA	NA	NA	NA	NA		NA		NA	NA		
BR1P069	17424	4311	24.74	4298	4260	24.45	3695	21.21			NA							NA	NA	NA	NA	NA	NA	NA	NA	NA	NA	NA		NA		NA	NA		
BR1P070	13006	3023	23.24	3008	2975	22.87	2608	20.05			NA							NA	NA	NA	NA	NA	NA	NA	NA	NA	NA	NA		NA		NA	NA		
BR1P071	2587	603	23.31	599	575	22.23	505	19.52			NA							NA	NA	NA	NA	NA	NA	NA	NA	NA	NA	NA		NA		NA	NA		
BR1P072	2421	534	22.06	533	508	20.98	449	18.55			NA							NA	NA	NA	NA	NA	NA	NA	NA	NA	NA	NA		NA		NA	NA		
BR1P073	16657	4330	26	4319	4274	25.66	3623	21.75			NA							NA	NA	NA	NA	NA	NA	NA	NA	NA	NA	NA		NA		NA	NA		
BR1P074	22281	6335	28.43	6330	6277	28.17	5210	23.38			NA							NA	NA	NA	NA	NA	NA	NA	NA	NA	NA	NA		NA		NA	NA		
BR1P075	16914	5462	32.29	5440	5390	31.87	4367	25.82			NA							NA	NA	NA	NA	NA	NA	NA	NA	NA	NA	NA		NA		NA	NA		
BR1P076	23047	7992	34.68	7976	7938	34.44	5940	25.77			NA							NA	NA	NA	NA	NA	NA	NA	NA	NA	NA	NA		NA		NA	NA		
BR1P077	23819	8059	33.83	7997	7946	33.36	6266	26.31			NA							NA	NA	NA	NA	NA	NA	NA	NA	NA	NA	NA		NA		NA	NA		
BR1P079	10806	2487	23.01	2475	2453	22.7	2170	20.08			NA							NA	NA	NA	NA	NA	NA	NA	NA	NA	NA	NA		NA		NA	NA		
BR1P080	43232	14730	34.07	14714	14645	33.88	11904	27.54			NA							NA	NA	NA	NA	NA	NA	NA	NA	NA	NA	NA		NA		NA	NA		
BR1P081	21997	7607	34.58	7599	7560	34.37	6456	29.35			NA							NA	NA	NA	NA	NA	NA	NA	NA	NA	NA	NA		NA		NA	NA		
BR1P082	24787	7865	31.73	7847	7805	31.49	6525	26.32			NA							NA	NA	NA	NA	NA	NA	NA	NA	NA	NA	NA		NA		NA	NA		
BR1P083	18669	4945	26.49	4907	4887	26.18	4262	22.83			NA							NA	NA	NA	NA	NA	NA	NA	NA	NA	NA	NA		NA		NA	NA		
BR1P084	10796	2592	24.01	2586	2577	23.87	2304	21.34			NA							NA	NA	NA	NA	NA	NA	NA	NA	NA	NA	NA		NA		NA	NA		
BR1P085	31048	8813	28.39	8795	8749	28.18	5781	18.62			NA							NA	NA	NA	NA	NA	NA	NA	NA	NA	NA	NA		NA		NA	NA		
BR1P086	4645	1449	31.19	1446	1439	30.98	1272	27.38			NA							NA	NA	NA	NA	NA	NA	NA	NA	NA	NA	NA		NA		NA	NA		
BR1P087	60	11	18.33	6	0	0	0	0			NA							NA	NA	NA	NA	NA	NA	NA	NA	NA	NA	NA		NA		NA	NA		
BR1P088	10466	3727	35.61	3722	3708	35.43	3153	30.13			NA							NA	NA	NA	NA	NA	NA	NA	NA	NA	NA	NA		NA		NA	NA		
BR1P089	18018	6563	36.42	6540	6514	36.15	5512	30.59			NA							NA	NA	NA	NA	NA	NA	NA	NA	NA	NA	NA		NA		NA	NA		
BR1P090	25395	8326	32.79	8285	8218	32.36	6097	24.01			NA							NA	NA	NA	NA	NA	NA	NA	NA	NA	NA	NA		NA		NA	NA		
BR1P091	54010	17500	32.4	17435	17327	32.08	12167	22.53			NA							NA	NA	NA	NA	NA	NA	NA	NA	NA	NA	NA		NA		NA	NA		
BR1P092	7396	2561	34.63	2537	2520	34.07	1938	26.2			NA							NA	NA	NA	NA	NA	NA	NA	NA	NA	NA	NA		NA		NA	NA		
BR1P093	16173	2713	16.77	2706	2689	16.63	2357	14.57			NA							NA	NA	NA	NA	NA	NA	NA	NA	NA	NA	NA		NA		NA	NA		
BR1P094	10168	2459	24.18	2452	2433	23.93	2089	20.54			NA							NA	NA	NA	NA	NA	NA	NA	NA	NA	NA	NA		NA		NA	NA		
BR1P095	15726	4589	29.18	4587	4550	28.93	3914	24.89			NA							NA	NA	NA	NA	NA	NA	NA	NA	NA	NA	NA		NA		NA	NA		
BR1P096	41631	9716	23.34	9694	9625	23.12	8074	19.39			NA							NA	NA	NA	NA	NA	NA	NA	NA	NA	NA	NA		NA		NA	NA		
BR1P097	77196	20834	26.99	20770	20588	26.67	15147	19.62			NA							NA	NA	NA	NA	NA	NA	NA	NA	NA	NA	NA		NA		NA	NA		
BR1P098	35755	8472	23.69	8454	8333	23.31	6365	17.8			NA							NA	NA	NA	NA	NA	NA	NA	NA	NA	NA	NA		NA		NA	NA		
BR1P099	9322	3397	36.44	3389	3353	35.97	2782	29.84			NA							NA	NA	NA	NA	NA	NA	NA	NA	NA	NA	NA		NA		NA	NA		
BR1P100	60524	9242	15.27	9095	8986	14.85	6869	11.35			NA							NA	NA	NA	NA	NA	NA	NA	NA	NA	NA	NA		NA		NA	NA		
BR1P101	103278	32040	31.02	31934	31578	30.58	20625	19.97			NA							NA	NA	NA	NA	NA	NA	NA	NA	NA	NA	NA		NA		NA	NA		
BR1P102	169072	64195	37.97	64034	63704	37.68	44627	26.4			NA							NA	NA	NA	NA	NA	NA	NA	NA	NA	NA	NA		NA		NA	NA		
BR1P103	23174	7714	33.29	7694	7644	32.99	5648	24.37			NA							NA	NA	NA	NA	NA	NA	NA	NA	NA	NA	NA		NA		NA	NA		
BR1P104	17405	3966	22.79	3942	3903	22.42	3215	18.47			NA							NA	NA	NA	NA	NA	NA	NA	NA	NA	NA	NA		NA		NA	NA		
BR1P105	24820	8978	36.17	8965	8917	35.93	7413	29.87			NA							NA	NA	NA	NA	NA	NA	NA	NA	NA	NA	NA		NA		NA	NA		
BR1P106	25605	8608	33.62	8586	8561	33.43	6984	27.28			NA							NA	NA	NA	NA	NA	NA	NA	NA	NA	NA	NA		NA		NA	NA		
BR1P107	28559	9292	32.54	9269	9179	32.14	7084	24.8			NA							NA	NA	NA	NA	NA	NA	NA	NA	NA	NA	NA		NA		NA	NA		
BR1P108	133	22	16.54	21	18	13.53	0	0			NA							NA	NA	NA	NA	NA	NA	NA	NA	NA	NA	NA		NA		NA	NA		
BR1P109	29095	9229	31.72	9218	9165	31.5	7626	26.21			NA							NA	NA	NA	NA	NA	NA	NA	NA	NA	NA	NA		NA		NA	NA		
BR1P110	11315	3566	31.52	3558	3528	31.18	3056	27.01			NA							NA	NA	NA	NA	NA	NA	NA	NA	NA	NA	NA		NA		NA	NA		
BR1P111	14729	4105	27.87	4098	4079	27.69	3467	23.54			NA							NA	NA	NA	NA	NA	NA	NA	NA	NA	NA	NA		NA		NA	NA		
BR1P112	7661	2316	30.23	2310	2284	29.81	1985	25.91			NA							NA	NA	NA	NA	NA	NA	NA	NA	NA	NA	NA		NA		NA	NA		
BR1P113	8789	2337	26.59	2335	2323	26.43	2085	23.72			NA							NA	NA	NA	NA	NA	NA	NA	NA	NA	NA	NA		NA		NA	NA		
BR1P114	21481	6067	28.24	6060	6026	28.05	5362	24.96			NA							NA	NA	NA	NA	NA	NA	NA	NA	NA	NA	NA		NA		NA	NA		
BR1P115	32912	10992	33.4	10981	10943	33.25	8103	24.62			NA							NA	NA	NA	NA	NA	NA	NA	NA	NA	NA	NA		NA		NA	NA		
BR1P116	8675	2719	31.34	2714	2708	31.22	2330	26.86			NA							NA	NA	NA	NA	NA	NA	NA	NA	NA	NA	NA		NA		NA	NA		
BR1P117	11477	3395	29.58	3388	3382	29.47	3014	26.26			NA							NA	NA	NA	NA	NA	NA	NA	NA	NA	NA	NA		NA		NA	NA		
BR1P118	20223	3249	16.07	3224	3204	15.84	2430	12.02			NA							NA	NA	NA	NA	NA	NA	NA	NA	NA	NA	NA		NA		NA	NA		
BR1P119	8094	1908	23.57	1902	1895	23.41	1498	18.51			NA							NA	NA	NA	NA	NA	NA	NA	NA	NA	NA	NA		NA		NA	NA		
BR1P120	43674	12383	28.35	12313	12074	27.65	9366	21.45			NA							NA	NA	NA	NA	NA	NA	NA	NA	NA	NA	NA		NA		NA	NA		
BR1P121	16308	5246	32.17	5225	5219	32	4481	27.48			NA							NA	NA	NA	NA	NA	NA	NA	NA	NA	NA	NA		NA		NA	NA		
BR1P122	18303	5778	31.57	5756	5740	31.36	4324	23.62			NA							NA	NA	NA	NA	NA	NA	NA	NA	NA	NA	NA		NA		NA	NA		
BR1P123	15257	5675	37.2	5663	5654	37.06	4821	31.6			NA							NA	NA	NA	NA	NA	NA	NA	NA	NA	NA	NA		NA		NA	NA		
BR1P124	4823	532	11.03	530	520	10.78	455	9.43			NA							NA	NA	NA	NA	NA	NA	NA	NA	NA	NA	NA		NA		NA	NA		
BR1P125	15792	4375	27.7	4368	4344	27.51	3788	23.99			NA							NA	NA	NA	NA	NA	NA	NA	NA	NA	NA	NA		NA		NA	NA		
BR1P126	18161	6068	33.41	6043	6026	33.18	5136	28.28			NA							NA	NA	NA	NA	NA	NA	NA	NA	NA	NA	NA		NA		NA	NA		
BR1P127	47033	14599	31.04	14559	14509	30.85	10590	22.52			NA							NA	NA	NA	NA	NA	NA	NA	NA	NA	NA	NA		NA		NA	NA		
BR1P128	57024	18281	32.06	18261	18115	31.77	14441	25.32			NA							NA	NA	NA	NA	NA	NA	NA	NA	NA	NA	NA		NA		NA	NA		
BR1P129	15420	4554	29.53	4548	4530	29.38	3649	23.66			NA							NA	NA	NA	NA	NA	NA	NA	NA	NA	NA	NA		NA		NA	NA		
BR1P130A	15915	2453	15.41	2447	2435	15.3	2060	12.94			NA							NA	NA	NA	NA	NA	NA	NA	NA	NA	NA	NA		NA		NA	NA		
BR1P130B	18832	2593	13.77	2591	2577	13.68	2249	11.94			NA							NA	NA	NA	NA	NA	NA	NA	NA	NA	NA	NA		NA		NA	NA		
BR1P131	1519	307	20.21	307	305	20.08	277	18.24			NA							NA	NA	NA	NA	NA	NA	NA	NA	NA	NA	NA		NA		NA	NA		
BR1P132	3314	728	21.97	726	724	21.85	611	18.44			NA							NA	NA	NA	NA	NA	NA	NA	NA	NA	NA	NA		NA		NA	NA		
BR1P133	11193	2838	25.36	2833	2825	25.24	2397	21.42			NA							NA	NA	NA	NA	NA	NA	NA	NA	NA	NA	NA		NA		NA	NA		
BR1P134	2270	409	18.02	405	404	17.8	358	15.77			NA							NA	NA	NA	NA	NA	NA	NA	NA	NA	NA	NA		NA		NA	NA		
BR1P135	21414	4675	21.83	4673	4662	21.77	3942	18.41			NA							NA	NA	NA	NA	NA	NA	NA	NA	NA	NA	NA		NA		NA	NA		
BR1P136	20220	6338	31.35	6275	6102	30.18	4525	22.38			NA							NA	NA	NA	NA	NA	NA	NA	NA	NA	NA	NA		NA		NA	NA		
BR1P137	21005	7624	36.3	7608	7578	36.08	6323	30.1			NA							NA	NA	NA	NA	NA	NA	NA	NA	NA	NA	NA		NA		NA	NA		
BR1P138	28740	10745	37.39	10722	10703	37.24	9159	31.87			NA							NA	NA	NA	NA	NA	NA	NA	NA	NA	NA	NA		NA		NA	NA		
BR1P139	23791	6594	27.72	6546	5693	23.93	4861	20.43			NA							NA	NA	NA	NA	NA	NA	NA	NA	NA	NA	NA		NA		NA	NA		
BR1P140	21039	5101	24.25	5070	4687	22.28	4431	21.06			NA							NA	NA	NA	NA	NA	NA	NA	NA	NA	NA	NA		NA		NA	NA		
BR1P141	17678	4418	24.99	4380	3753	21.23	3163	17.89			NA							NA	NA	NA	NA	NA	NA	NA	NA	NA	NA	NA		NA		NA	NA		
BR1S1001	10559	2420	22.92	1709	784	7.42	682	6.46	Sampling	20-Aug	1	BR1_1_001	20.5	0	0	10:38 AM	AM	1	180	16.93	3.295	-299	16.04	16.8	1.6	7.07	1.74	386309	W	NA	Y	0	21.1	Sediment	Pre
BR1S1002	82	11	13.41	8	0	0	0	0	Sampling	20-Aug	4	BR1_4_001	76.6	0	0	10:38 AM	AM	2	360	17.154	3.288	-289	23.4	6.9	0.66	7.12	1.73	386309	W	NA	Y	0	21.1	Sediment	Pre
BR1S1003	535	92	17.2	6	0	0	0	0	Sampling	20-Aug	1					1:40 PM	PM	3	180	17.062	3.215	-296	278.76	14.2	1.37	7.14	1.69	NA		NA		NA	NA	Sediment	Pre
BR1S1004	54	5	9.26	2	0	0	0	0	Sampling	20-Aug	4					2:08 PM	PM	4	420	17.297	3.216	-205	318.52	2.9	6.27	7.15	7.69	NA		NA		NA	NA	Sediment	Pre
BR1S1005	71	16	22.54	13	7	9.86	7	9.86	Sampling	21-Aug	1	BR1_1_002	13.3	0	0	9:28 AM	AM	5	300	16.913	3.253	-308.86	4500	15.3	1.48	7.09	1.71	389795	E	2	Y	0	18	Sediment	Pre
BR1S1006	48	8	16.67	4	1	2.08	0	0	Sampling	21-Aug	4	BR1_4_002	27.6	0	0	9:28 AM	AM	6	600	17.16	3.255	-228.85	1591.83	6.2	0.6	7.15	1.71	389795	E	2	Y	0	18	Sediment	Pre
BR1S1007	32	2	6.25	1	1	3.12	0	0	Sampling	21-Aug	1					1:21 PM	PM	7	600	16.992	3.175	-313.3	5073.03	13.5	1.3	7.14	1.67	NA		NA		NA	NA	Sediment	Pre
BR1S1008	51	14	27.45	8	2	3.92	0	0	Sampling	21-Aug	4					1:21 PM	PM	8	600	17.309	3.215	-269	2600	1.8	0.16	7.14	1.69	NA		NA		NA	NA	Sediment	Pre
BR1S1009	53	5	9.43	1	0	0	0	0	Sampling	8/26/24	1	BR1_1_003	28.7	0	0	9:56 AM	AM	9	480	16.997	3.223	0.33	1200	14.5	1.39	7.16	1.69	394294	SE	3	Y	5	25	Sediment	Pre
BR1S1010	67	11	16.42	4	3	4.48	0	0	Sampling	8/26/24	4	BR1_4_003	31.4	0	0	9:56 AM	AM	10	420	17.438	3.255	-0.13	2800	1.1	0.11	7.28	1.71	394294	SE	3	Y	5	25	Sediment	Pre
BR1S1011	62	5	8.06	4	4	6.45	4	6.45	Sampling	8/26/24	1					4:00 PM	PM	11	720	16.961	3.144	-0.41	0.01	16.4	1.57	7.17	1.65	401643	NE	3		25	21	Sediment	Pre
BR1S1012	30040	6280	20.91	5120	2689	8.95	2516	8.38	Sampling	8/26/24	4					4:13 PM	PM	12	840	17.534	3.225	-0.35	0.52	1.2	0.11	7.24	1.7	401643	NE	3		25	21	Sediment	Pre
BR1S1013	25667	5682	22.14	4718	2769	10.79	2606	10.15	Sampling	27-Aug	1	BR1_1_004	22.7	0	0	9:50 AM	AM	13	1800	16.957	3.089	-0.45	0	25	2.38	7.13	1.62	411177	SE	0	Y	40	18	Sediment	Pre
BR1S1014	39019	8068	20.68	6728	3609	9.25	3216	8.24	Sampling	27-Aug	4	BR1_4_004	24.4	0	0	9:50 AM	AM	14	660	16.9	3.116	8.2	0	1.3	0.13	7.13	1.64	411177	SE	0	Y	40	18	Sediment	Pre
BR1S1015	47199	9908	20.99	8259	4382	9.28	3903	8.27	Sampling	27-Aug	1					1:58 PM	PM	15	540	17.1	3.079	2.3	0	29.3	2.8	7.14	1.62	NA		NA		NA	NA	Sediment	Pre
BR1S1016	52718	5927	11.24	4799	2566	4.87	2231	4.23	Sampling	27-Aug	4					2:05 PM	PM	16	480	17.47	3.107	0.8	0	4	0.37	7.17	1.63	NA		NA		NA	NA	Sediment	Pre
BR1S1017	34454	7932	23.02	6569	3369	9.78	3136	9.1	Sampling	4-Sep	1	BR1_1_005	54	58.88	96	9:52 AM	AM	17	660	17.15	3.275	255	2300	12.6	1.2	7.04	1.72	432627	W	3	N	40	21	Sediment	Pre
BR1S1018	32430	7040	21.71	5741	3011	9.28	2889	8.91	Sampling	4-Sep	4	BR1_4_005	61	43	95.276	9:52 AM	AM	18	480	17.3	3.255	15.55	6300	7.3	0.69	7.16	1.71	432627	W	3	N	40	21	Sediment	Pre
BR1S1019	25386	4798	18.9	3670	1901	7.49	1755	6.91	Sampling	4-Sep	1					2:27 PM	PM	19	480	17.333	3.22	1.5	0	9.8	0.94	7.16	1.69	435678	W	3	N	50	20	Sediment	Pre
BR1S1020	20219	3982	19.69	3159	1712	8.47	1622	8.02	Sampling	4-Sep	4					2:27 PM	PM	20	480	17.5	3.213	8.3	0	5	0.46	7.18	1.69	435678	W	3	N	50	20	Sediment	Pre
BR1S1021	32644	8695	26.64	7352	4283	13.12	3973	12.17	Sampling	5-Sep	1	BR1_1_006	50	49	95.505	10:07 AM	AM	21	1140	16.975	3.123	13.25	110	13.2	1.25	7.14	1.64	437856	NW	2	N	41	22	Sediment	Pre
BR1S1022	20879	4321	20.7	3612	2023	9.69	1874	8.98	Sampling	5-Sep	4	BR1_4_006	80	74	103.729	10:11 AM	AM	22	NA	17.24	3.178	12.3	37	2.6	0.23	7.17	1.64	437856	NW	2	N	41	22	Sediment	Pre
BR1S1023	38204	8524	22.31	7147	4089	10.7	3859	10.1	Sampling	5-Sep	1					2:18 PM	PM	23	1380	17.359	3.099	-43.05	0	20.1	1.91	7.2	1.63	440431	W	3	N	33	22	Sediment	Pre
BR1S1024	18894	4833	25.58	4173	2996	15.86	2463	13.04	Sampling	5-Sep	4					2:21 PM	PM	24	360	17.55	3.164	-41	0.05	3.8	0.35	7.2	1.66	440431	W	3	N	33	22	Sediment	Pre
BR1S1025	41261	8749	21.2	7489	4407	10.68	4144	10.04	Sampling	9/23/24	1	BR1_1_007	32	81.525	133.924	9:56 AM	AM	25	600	17.354	3.273	-0.78	NA	11.5	1.07	7.1	1.72	453647	W	2	N	33	18	Sediment	Post
BR1S1026	32843	8115	24.71	6749	3814	11.61	3640	11.08	Sampling	9/23/24	4	BR1_4_007	3710.9	55.97	217.546	9:56 AM	AM	26	1080	18.2	3.061	298.64	178	21	1.95	7.59	1.6	453647	W	2	N	33	18	Sediment	Post
BR1S1027	14702	2651	18.03	2024	1130	7.69	1037	7.05	Sampling	9/23/24	1					2:04 PM	PM	27	1500	17.457	3.23	0	NA	6.8	0.65	7.16	1.6	457050	W	3	N	36	22	Sediment	Post
BR1S1028	29258	6026	20.6	4752	2268	7.75	2129	7.28	Sampling	9/23/24	4					2:04 PM	PM	28	240	17.968	3.246	7.86	5000	5.3	0.5	7.41	1.71	457050	W	3	N	36	22	Sediment	Post
BR1S1029	32482	8113	24.98	6551	3312	10.2	3022	9.3	Sampling	9/24/24	1	BR1_1_008	36	70	186.937	9:37 AM	AM	29	720	17.066	3.205	-0.37	0.46	12.5	1.19	7.17	1.69	457346	W	2	Y	41	20	Sediment	Post
BR1S1030	46	5	10.87	4	4	8.7	4	8.7	Sampling	9/24/24	4	BR1_4_008	2684.6	53	94.93	9:42 AM	AM	30	240	17.036	3.249	0.66	0.08	1.8	0.17	7.4	1.71	457346	W	2	Y	41	20	Sediment	Post
BR1S1031	37023	7883	21.29	6585	3463	9.35	3270	8.83	Sampling	9/24/24	1					2:15 PM	PM	31	600	17.533	3.205	-2.49	NA	14.3	1.36	7.19	1.68	457635	W	4	N	40	20	Sediment	Post
BR1S1032	16175	3872	23.94	2993	1644	10.16	1560	9.64	Sampling	9/24/24	4					2:20 PM	PM	32	300	17.39	3.241	811	NA	3.5	0.34	7.48	1.7	457635	W	4	N	40	20	Sediment	Post
BR1S1033	41577	8671	20.86	6941	2969	7.14	2667	6.41	Sampling	9/30/24	1	BR1_1_009	143.5999994		0	9:44 AM	AM	33	360	17.3	3.311	4.6	0	13	1.24	7.12	1.72	460424	NW	2	N	11	20	Sediment	Post
BR1S1034	23631	4961	20.99	3842	1802	7.63	1709	7.23	Sampling	9/30/24	4	BR1_4_009	2378.099998		31.52100038	9:44 AM	AM	34	720	17.4	3.305	4.66	0	12.4	1.15	7.44	1.72	460424	NW	2	N	11	20	Sediment	Post
BR1S1035	26554	5773	21.74	4671	2601	9.8	2330	8.77	Sampling	9/30/24	1					2:21 PM	PM	35	900	17.4	3.248	-0.21	83.17	9.1	0.87	7.17	1.69	463624	W	3	Y	0	26	Sediment	Post
BR1S1036	23684	4753	20.07	3658	1608	6.79	1485	6.27	Sampling	9/30/24	4					2:21 PM	PM	36	360	18.2	3.292	1398	89.05	8.2	0.76	7.33	1.71	463624	W	3	Y	0	26	Sediment	Post
BR1S1037	23970	4982	20.78	3921	1818	7.58	1589	6.63	Sampling	10/1/24	1	BR1_1_010	164.8999996		0	9:47 AM	AM	37	NA	17.4	3.233	-0.32	103.4	13.8	1.29	7.13	1.68	464912	NW	1	N	0	26	Sediment	Post
BR1S1038	65166	11965	18.36	10056	5103	7.83	4336	6.65	Sampling	10/1/24	4	BR1_4_010	1347.700001		11.69999981	9:47 AM	AM	38	300	16.5	3.266	8	98.74	4.5	0.27	7.23	1.68	464912	NW	1	N	0	26	Sediment	Post
BR1S1039	36853	8534	23.16	6811	3362	9.12	2798	7.59	Sampling	10/1/24	1					2:15 PM	PM	39	480	18.1	3.237	1.14	99.81	14.9	1.38	7.18	1.58	464912	W	4	N	5	27	Sediment	Post
BR1S1040	21493	4162	19.36	3024	1334	6.21	1190	5.54	Sampling		4					2:15 PM	PM	40	180	18	3.264	5	96.99	12.5	0.94	7.28	1.69	464912	W	4	N	5	27	Sediment	Post
BR1S1041	37681	9228	24.49	7653	4150	11.01	3715	9.86	Sampling	10/7/24	1	BR1_1_011	16.5	0	0	10:00 AM	AM	41	1.08	17.4	2.832	17.27	88.19	13.2	1.25	7.13	1.74	465164	W	1	N	29	26	Sediment	Post
BR1S1042	66415	15164	22.83	13196	7764	11.69	7221	10.87	Sampling	10/7/24	4	BR1_4_011	3052.7	0	0	10:00 AM	AM	42	540	17.6	2.789	5	55	8.5	0.79	7.31	1.7	465164	W	1	N	29	26	Sediment	Post
BR1S1043	35206	6803	19.32	5654	3100	8.81	2742	7.79	Sampling	10/7/24	1					2:21 PM	PM	43	460	17.7	2.807	0.4	82.5	16.1	1.5	7.21	1.72	465168	W	4	N	16	26	Sediment	Post
BR1S1044	24223	3834	15.83	2869	1162	4.8	1080	4.46	Sampling	10/7/24	4					2:21 PM	PM	44	480	17.7	2.731	2.24	50	8	0.73	7.34	1.66	465168	W	4	N	16	26	Sediment	Post
BR1S1045	9765	1259	12.89	868	333	3.41	323	3.31	Sampling	10/8/24	1	BR1_1_012	15.3	0	0	9:40 AM	AM	45	NA	17.3	2.811	1.4	86.59	16.6	1.67	7.14	1.74	465169	W	2	N	15	20	Sediment	Post
BR1S1046	18918	3125	16.52	2173	857	4.53	800	4.23	Sampling	10/8/24	4	BR1_4_012	1699.89	0	0	9:40 AM	AM	46	540	17	2.745	2.24	4.7	3.4	0.31	7.31	1.71	465169	W	2	N	15	20	Sediment	Post
BR1S1047	23099	3352	14.51	2459	1101	4.77	988	4.28	Sampling	10/8/24	1					1:40 PM	PM	47	960	17.5	2.775	0.51	94.2	15	1.47	7.19	1.7	465283	W	3	N	8	21	Sediment	Post
BR1S1048	25471	5039	19.78	3701	1726	6.78	1589	6.24	Sampling	10/8/24	4					1:40 PM	PM	48	540	17.3	2.762	6.7	71.36	3.5	0.33	7.33	1.71	465283	W	3	N	8	21	Sediment	Post
Br1Spi1PreB000	23609	5021	21.27	3916	2626	11.12	2321	9.83	Spike In 1	9/10/24	NA							NA	NA	NA	NA	NA	NA	NA	NA	NA	NA	NA		NA		NA	NA		
Br1Spi1PreB001	28255	7400	26.19	5499	2645	9.36	2378	8.42	Spike In 1	9/10/24	NA							NA	NA	NA	NA	NA	NA	NA	NA	NA	NA	NA		NA		NA	NA		
Br1Spi1PreB002	23534	6339	26.94	5104	3606	15.32	3205	13.62	Spike In 1	9/10/24	NA							NA	NA	NA	NA	NA	NA	NA	NA	NA	NA	NA		NA		NA	NA		
Br1Spi1PreB003	13868	3108	22.41	2402	1745	12.58	1435	10.35	Spike In 1	9/10/24	NA							NA	NA	NA	NA	NA	NA	NA	NA	NA	NA	NA		NA		NA	NA		
Br1Spi1PreS000	31965	7600	23.78	6107	2913	9.11	2703	8.46	Spike In 1	9/10/24	NA							NA	NA	NA	NA	NA	NA	NA	NA	NA	NA	NA		NA		NA	NA		
Br1Spi1PreS001	16818	4223	25.11	3349	1456	8.66	1368	8.13	Spike In 1	9/10/24	NA							NA	NA	NA	NA	NA	NA	NA	NA	NA	NA	NA		NA		NA	NA		
Br1Spi1PreS002	29154	5316	18.23	4149	2036	6.98	1862	6.39	Spike In 1	9/10/24	NA							NA	NA	NA	NA	NA	NA	NA	NA	NA	NA	NA		NA		NA	NA		
Br1Spi1PreS003	24336	5212	21.42	4060	1690	6.94	1612	6.62	Spike In 1	9/10/24	NA							NA	NA	NA	NA	NA	NA	NA	NA	NA	NA	NA		NA		NA	NA		
Br1Spi2PostB000	28443	4955	17.42	3682	2591	9.11	2359	8.29	Spike In 2	9/10/24	NA							NA	NA	NA	NA	NA	NA	NA	NA	NA	NA	NA		NA		NA	NA		
Br1Spi2PostB001	21734	4643	21.36	3606	2601	11.97	2414	11.11	Spike In 2		NA							NA	NA	NA	NA	NA	NA	NA	NA	NA	NA	NA		NA		NA	NA		
Br1Spi2PostB002	11441	2629	22.98	1795	1288	11.26	1138	9.95	Spike In 2		NA							NA	NA	NA	NA	NA	NA	NA	NA	NA	NA	NA		NA		NA	NA		
Br1Spi2PostB003	20653	5553	26.89	4350	3239	15.68	2895	14.02	Spike In 2		NA							NA	NA	NA	NA	NA	NA	NA	NA	NA	NA	NA		NA		NA	NA		
Br1Spi2PostS000	18649	4948	26.53	4155	2777	14.89	2589	13.88	Spike In 2		NA							NA	NA	NA	NA	NA	NA	NA	NA	NA	NA	NA		NA		NA	NA		
Br1Spi2PostS001	20281	5363	26.44	4314	2285	11.27	2011	9.92	Spike In 2		NA							NA	NA	NA	NA	NA	NA	NA	NA	NA	NA	NA		NA		NA	NA		
Br1Spi2PostS002	22084	4883	22.11	3993	2393	10.84	2191	9.92	Spike In 2		NA							NA	NA	NA	NA	NA	NA	NA	NA	NA	NA	NA		NA		NA	NA		
Br1Spi2PostS003	27542	6550	23.78	5251	2765	10.04	2454	8.91	Spike In 2		NA							NA	NA	NA	NA	NA	NA	NA	NA	NA	NA	NA		NA		NA	NA		
Control1	35957	21	0.06	1	0	0	0	0			NA							NA	NA	NA	NA	NA	NA	NA	NA	NA	NA	NA		NA		NA	NA		
Control11	249	54	21.69	49	43	17.27	41	16.47			NA							NA	NA	NA	NA	NA	NA	NA	NA	NA	NA	NA		NA		NA	NA		
Control13	1823	527	28.91	492	460	25.23	406	22.27			NA							NA	NA	NA	NA	NA	NA	NA	NA	NA	NA	NA		NA		NA	NA		
Control14	20064	6248	31.14	6181	5807	28.94	4089	20.38			NA							NA	NA	NA	NA	NA	NA	NA	NA	NA	NA	NA		NA		NA	NA		
Control15	19382	5957	30.73	5909	5733	29.58	4225	21.8			NA							NA	NA	NA	NA	NA	NA	NA	NA	NA	NA	NA		NA		NA	NA		
CONTROL16	631	151	23.93	142	132	20.92	115	18.23			NA							NA	NA	NA	NA	NA	NA	NA	NA	NA	NA	NA		NA		NA	NA		
CONTROL17	15323	70	0.46	12	0	0	0	0			NA							NA	NA	NA	NA	NA	NA	NA	NA	NA	NA	NA		NA		NA	NA		
Control2	11405	1062	9.31	868	349	3.06	347	3.04			NA							NA	NA	NA	NA	NA	NA	NA	NA	NA	NA	NA		NA		NA	NA		
Control3	8294	1457	17.57	964	284	3.42	266	3.21			NA							NA	NA	NA	NA	NA	NA	NA	NA	NA	NA	NA		NA		NA	NA		
Control4	7050	1381	19.59	1182	500	7.09	475	6.74			NA							NA	NA	NA	NA	NA	NA	NA	NA	NA	NA	NA		NA		NA	NA		
Control6	47	4	8.51	2	1	2.13	1	2.13			NA							NA	NA	NA	NA	NA	NA	NA	NA	NA	NA	NA		NA		NA	NA		
Control7	32	6	18.75	1	0	0	0	0			NA							NA	NA	NA	NA	NA	NA	NA	NA	NA	NA	NA		NA		NA	NA		
Control8	23124	38	0.16	19	2	0.01	2	0.01			NA							NA	NA	NA	NA	NA	NA	NA	NA	NA	NA	NA		NA		NA	NA		
BR1P024	23114	7533	32.59	7519	7470	32.32	6053	26.19			NA							NA	NA	NA	NA	NA	NA	NA	NA	NA	NA	NA		NA		NA	NA		
BR1P078	23218	7718	33.24	7691	7665	33.01	6028	25.96			NA							NA	NA	NA	NA	NA	NA	NA	NA	NA	NA	NA		NA		NA	NA		