,Shannon,Sobs,input,filtered,percentage of input passed filter,denoised,merged,percentage of input merged,non-chimeric,percentage of input non-chimeric,Experiment,Date,Port,Pesticide.Sample,Neonictinoids,Organophosphates,Pyrethroids,Sample.time,AM.PM,Number,Vol.filtered.mL,Temp,Conductivity,Turbidity.NTU,Nitrates.mgL,DO,DO.mg.L,pH,Salinity,Total.vol.gal,Wind.direction,Wind.ms,H2O.use,cloud.cover,Ambient.temperature,SampleType,Dosing
BR1B1001,4.655659550589295,151.0,26114,6407,24.53,5158,2516,9.63,2185,8.37,Sampling,20-Aug,1.0,BR1_1_001,20.5,0.0,0.0,10:38 AM,AM,1.0,180.0,16.93,3.295,-299.0,16.04,16.8,1.6,7.07,1.74,386309.0,W,,Y,0.0,21.1,Water,Pre
BR1B1002,4.514909350703809,144.0,21235,5112,24.07,4143,2866,13.5,2238,10.54,Sampling,20-Aug,4.0,BR1_4_001,76.6,0.0,0.0,10:38 AM,AM,2.0,360.0,17.154,3.288,-289.0,23.4,6.9,0.66,7.12,1.73,386309.0,W,,Y,0.0,21.1,Water,Pre
BR1B1004,4.72166691946507,169.0,28303,6863,24.25,5650,3470,12.26,2604,9.2,Sampling,20-Aug,4.0,,,,,2:08 PM,PM,4.0,420.0,17.297,3.216,-205.0,318.52,2.9,6.27,7.15,7.69,,,,,,,Water,Pre
BR1B1006,4.657928453894261,163.0,28287,6126,21.66,5038,3124,11.04,2450,8.66,Sampling,21-Aug,4.0,BR1_4_002,27.6,0.0,0.0,9:28 AM,AM,6.0,600.0,17.16,3.255,-228.85,1591.83,6.2,0.6,7.15,1.71,389795.0,E,2.0,Y,0.0,18.0,Water,Pre
BR1B1007,4.628853686739962,169.0,29659,6849,23.09,5697,3592,12.11,2595,8.75,Sampling,21-Aug,1.0,,,,,1:21 PM,PM,7.0,600.0,16.992,3.175,-313.3,5073.03,13.5,1.3,7.14,1.67,,,,,,,Water,Pre
BR1B1008,4.8043966777851494,195.0,29781,7723,25.93,6177,3577,12.01,2961,9.94,Sampling,21-Aug,4.0,,,,,1:21 PM,PM,8.0,600.0,17.309,3.215,-269.0,2600.0,1.8,0.16,7.14,1.69,,,,,,,Water,Pre
BR1B1014,4.389900016816211,114.0,19058,4904,25.73,3717,2171,11.39,1992,10.45,Sampling,27-Aug,4.0,BR1_4_004,24.4,0.0,0.0,9:50 AM,AM,14.0,660.0,16.9,3.116,8.2,0.0,1.3,0.13,7.13,1.64,411177.0,SE,0.0,Y,40.0,18.0,Water,Pre
BR1B1025,4.0607208595241735,89.0,10899,2634,24.17,1949,1180,10.83,1067,9.79,Sampling,9/23/24,1.0,BR1_1_007,32.0,81.525,133.924,9:56 AM,AM,25.0,600.0,17.354,3.273,-0.78,,11.5,1.07,7.1,1.72,453647.0,W,2.0,N,33.0,18.0,Water,Post
BR1B1026,4.613252564495223,131.0,19101,4409,23.08,3187,1604,8.4,1517,7.94,Sampling,9/23/24,4.0,BR1_4_007,3710.9,55.97,217.546,9:56 AM,AM,26.0,1080.0,18.2,3.061,298.64,178.0,21.0,1.95,7.59,1.6,453647.0,W,2.0,N,33.0,18.0,Water,Post
BR1B1027,4.274001622951824,136.0,21237,4802,22.61,3497,2384,11.23,2200,10.36,Sampling,9/23/24,1.0,,,,,2:04 PM,PM,27.0,1500.0,17.457,3.23,0.0,,6.8,0.65,7.16,1.6,457050.0,W,3.0,N,36.0,22.0,Water,Post
BR1B1029,4.267582872771462,107.0,14303,3307,23.12,2613,1743,12.19,1592,11.13,Sampling,9/24/24,1.0,BR1_1_008,36.0,70.0,186.937,9:37 AM,AM,29.0,720.0,17.066,3.205,-0.37,0.46,12.5,1.19,7.17,1.69,457346.0,W,2.0,Y,41.0,20.0,Water,Post
BR1B1031,4.267684336809051,96.0,14632,3272,22.36,2470,1437,9.82,1277,8.73,Sampling,9/24/24,1.0,,,,,2:15 PM,PM,31.0,600.0,17.533,3.205,-2.49,,14.3,1.36,7.19,1.68,457635.0,W,4.0,N,40.0,20.0,Water,Post
BR1B1033,3.4537086566599524,68.0,19514,2329,11.94,1839,1150,5.89,1042,5.34,Sampling,9/30/24,1.0,BR1_1_009,143.5999994,,0.0,9:44 AM,AM,33.0,360.0,17.3,3.311,4.6,0.0,13.0,1.24,7.12,1.72,460424.0,NW,2.0,N,11.0,20.0,Water,Post
BR1B1034,4.019068029423852,115.0,14873,4184,28.13,3193,2245,15.09,2087,14.03,Sampling,9/30/24,4.0,BR1_4_009,2378.099998,,31.52100038,9:44 AM,AM,34.0,720.0,17.4,3.305,4.66,0.0,12.4,1.15,7.44,1.72,460424.0,NW,2.0,N,11.0,20.0,Water,Post
BR1B1035,3.4904043426882136,63.0,10197,2283,22.39,1796,1289,12.64,1231,12.07,Sampling,10/1/24,1.0,,,,,2:21 PM,PM,35.0,900.0,17.4,3.248,-0.21,83.17,9.1,0.87,7.17,1.69,463624.0,W,3.0,Y,0.0,26.0,Water,Post
BR1B1037,4.19033934284808,107.0,13838,3178,22.97,2327,1570,11.35,1419,10.25,Sampling,10/1/24,1.0,BR1_1_010,164.8999996,,0.0,9:47 AM,AM,37.0,,17.4,3.233,-0.32,103.4,13.8,1.29,7.13,1.68,464912.0,NW,1.0,N,0.0,26.0,Water,Post
BR1B1040,4.552868706695808,136.0,20093,4094,20.38,2934,1749,8.7,1645,8.19,Sampling,10/1/24,4.0,,,,,2:15 PM,PM,40.0,180.0,18.0,3.264,5.0,96.99,12.5,0.94,7.28,1.69,464912.0,W,4.0,N,5.0,27.0,Water,Post
BR1B1041,3.9615987261572343,134.0,32015,6698,20.92,4950,3093,9.66,2714,8.48,Sampling,10/7/24,1.0,BR1_1_011,16.5,0.0,0.0,10:00 AM,AM,41.0,1.08,17.4,2.832,17.27,88.19,13.2,1.25,7.13,1.74,465164.0,W,1.0,N,29.0,26.0,Water,Post
BR1B1042,4.3961350942604085,159.0,22915,5474,23.89,4324,2922,12.75,2693,11.75,Sampling,10/7/24,4.0,BR1_4_011,3052.7,0.0,0.0,10:00 AM,AM,42.0,540.0,17.6,2.789,5.0,55.0,8.5,0.79,7.31,1.7,465164.0,W,1.0,N,29.0,26.0,Water,Post
BR1B1043,4.148984769147289,129.0,29612,5916,19.98,4264,2608,8.81,2338,7.9,Sampling,10/7/24,1.0,,,,,2:21 PM,PM,43.0,460.0,17.7,2.807,0.4,82.5,16.1,1.5,7.21,1.72,465168.0,W,4.0,N,16.0,26.0,Water,Post
BR1B1044,4.168941500043342,122.0,25581,4458,17.43,3388,2089,8.17,1926,7.53,Sampling,10/7/24,4.0,,,,,2:21 PM,PM,44.0,480.0,17.7,2.731,2.24,50.0,8.0,0.73,7.34,1.66,465168.0,W,4.0,N,16.0,26.0,Water,Post
BR1B1046,4.185505637137362,114.0,18795,3957,21.05,2784,1588,8.45,1422,7.57,Sampling,10/8/24,4.0,BR1_4_012,1699.89,0.0,0.0,9:40 AM,AM,46.0,540.0,17.0,2.745,2.24,4.7,3.4,0.31,7.31,1.71,465169.0,W,2.0,N,15.0,20.0,Water,Post
BR1B1048,4.626606875039512,156.0,18151,5122,28.22,3879,2476,13.64,2355,12.97,Sampling,10/8/24,4.0,,,,,1:40 PM,PM,48.0,540.0,17.3,2.762,6.7,71.36,3.5,0.33,7.33,1.71,465283.0,W,3.0,N,8.0,21.0,Water,Post
BR1D001,1.7731261234198128,9.0,23735,4557,19.2,4535,4468,18.82,3768,15.88,,,,,,,,,,,,,,,,,,,,,,,,,,,
BR1D002,1.7182317699670975,11.0,17196,2228,12.96,2204,2137,12.43,1764,10.26,,,,,,,,,,,,,,,,,,,,,,,,,,,
BR1D003,1.6998920914404532,16.0,24045,4960,20.63,4943,4871,20.26,3742,15.56,,,,,,,,,,,,,,,,,,,,,,,,,,,
BR1D004,1.7791909478852599,8.0,17419,2656,15.25,2645,2614,15.01,2117,12.15,,,,,,,,,,,,,,,,,,,,,,,,,,,
BR1D006,2.144498435590649,14.0,8811,1235,14.02,1232,1218,13.82,1066,12.1,,,,,,,,,,,,,,,,,,,,,,,,,,,
BR1D014,1.8786264144682994,11.0,6157,1441,23.4,1370,1308,21.24,1160,18.84,,,,,,,,,,,,,,,,,,,,,,,,,,,
BR1D015,2.0580748826752737,21.0,14371,3291,22.9,3275,3246,22.59,2857,19.88,,,,,,,,,,,,,,,,,,,,,,,,,,,
BR1D016,1.9371930596530995,18.0,16331,5145,31.5,5101,5058,30.97,4357,26.68,,,,,,,,,,,,,,,,,,,,,,,,,,,
BR1D017,1.2347654348375003,6.0,25606,4178,16.32,4157,4142,16.18,3252,12.7,,,,,,,,,,,,,,,,,,,,,,,,,,,
BR1D018,1.9640161242026979,14.0,22219,7032,31.65,7024,6981,31.42,6065,27.3,,,,,,,,,,,,,,,,,,,,,,,,,,,
BR1D019,1.7309748035353514,6.0,3905,1214,31.09,1198,1179,30.19,1042,26.68,,,,,,,,,,,,,,,,,,,,,,,,,,,
BR1D020,1.5133950129525653,8.0,21238,5873,27.65,5866,5823,27.42,5059,23.82,,,,,,,,,,,,,,,,,,,,,,,,,,,
BR1D022,1.3254563355507405,8.0,20986,5077,24.19,5068,5049,24.06,4106,19.57,,,,,,,,,,,,,,,,,,,,,,,,,,,
BR1D023,2.2255083400731013,17.0,20114,7081,35.2,7031,6853,34.07,5594,27.81,,,,,,,,,,,,,,,,,,,,,,,,,,,
BR1D024,1.6852989057068577,15.0,20753,6759,32.57,6737,6684,32.21,5982,28.82,,,,,,,,,,,,,,,,,,,,,,,,,,,
BR1D025,1.9029021261561367,14.0,35390,13655,38.58,13586,13482,38.1,10001,28.26,,,,,,,,,,,,,,,,,,,,,,,,,,,
BR1D026,1.312195669170764,7.0,32303,10453,32.36,10394,10328,31.97,8095,25.06,,,,,,,,,,,,,,,,,,,,,,,,,,,
BR1D027,2.3128662758770795,20.0,19492,5463,28.03,5445,5393,27.67,4822,24.74,,,,,,,,,,,,,,,,,,,,,,,,,,,
BR1D028,1.463232349944224,7.0,28300,10277,36.31,10227,10205,36.06,7747,27.37,,,,,,,,,,,,,,,,,,,,,,,,,,,
BR1D029,2.0390282739213457,18.0,26989,9927,36.78,9908,9808,36.34,8239,30.53,,,,,,,,,,,,,,,,,,,,,,,,,,,
BR1D030,1.8430476923776566,16.0,19231,5577,29,5573,5523,28.72,4931,25.64,,,,,,,,,,,,,,,,,,,,,,,,,,,
BR1D031,1.3808936645263952,7.0,17494,2924,16.71,2915,2898,16.57,2477,14.16,,,,,,,,,,,,,,,,,,,,,,,,,,,
BR1D032,2.043909121883987,15.0,16765,2164,12.91,2150,2102,12.54,1812,10.81,,,,,,,,,,,,,,,,,,,,,,,,,,,
BR1D034,1.1972387427354971,5.0,15348,2188,14.26,2185,2169,14.13,1741,11.34,,,,,,,,,,,,,,,,,,,,,,,,,,,
BR1D039,1.9343353161551584,16.0,17836,1394,7.82,1388,1361,7.63,1179,6.61,,,,,,,,,,,,,,,,,,,,,,,,,,,
BR1D040,2.5091984971252232,15.0,46111,5118,11.1,5076,4714,10.22,4080,8.85,,,,,,,,,,,,,,,,,,,,,,,,,,,
BR1D042,1.9402049263647416,15.0,26673,10048,37.67,10028,9968,37.37,8250,30.93,,,,,,,,,,,,,,,,,,,,,,,,,,,
BR1D043,2.0940111691719645,26.0,24863,9364,37.66,9337,9193,36.97,7367,29.63,,,,,,,,,,,,,,,,,,,,,,,,,,,
BR1D044,2.478608902537878,23.0,23671,7037,29.73,7008,6902,29.16,6189,26.15,,,,,,,,,,,,,,,,,,,,,,,,,,,
BR1D045,2.062890797540853,24.0,26118,8252,31.6,8215,8058,30.85,6256,23.95,,,,,,,,,,,,,,,,,,,,,,,,,,,
BR1D046,1.5918545675525055,16.0,35552,13083,36.8,13045,12958,36.45,10690,30.07,,,,,,,,,,,,,,,,,,,,,,,,,,,
BR1D047,2.432734411814168,17.0,16183,4819,29.78,4812,4692,28.99,4098,25.32,,,,,,,,,,,,,,,,,,,,,,,,,,,
BR1D048,2.0855839980391284,19.0,23225,6008,25.87,5990,5863,25.24,4539,19.54,,,,,,,,,,,,,,,,,,,,,,,,,,,
BR1D049,2.157345621376232,18.0,23411,7364,31.46,7353,7238,30.92,5582,23.84,,,,,,,,,,,,,,,,,,,,,,,,,,,
BR1D050,1.4327512636291833,6.0,20172,3274,16.23,3262,3236,16.04,2691,13.34,,,,,,,,,,,,,,,,,,,,,,,,,,,
BR1D051,1.7546515779954455,10.0,23933,7821,32.68,7803,7721,32.26,6356,26.56,,,,,,,,,,,,,,,,,,,,,,,,,,,
BR1D052,1.2941232347855316,7.0,29250,9189,31.42,9118,9064,30.99,6775,23.16,,,,,,,,,,,,,,,,,,,,,,,,,,,
BR1D053,2.1055122613816244,25.0,24191,6549,27.07,6533,6419,26.53,5194,21.47,,,,,,,,,,,,,,,,,,,,,,,,,,,
BR1D054,2.1749508830993873,20.0,15555,4118,26.47,4112,4074,26.19,3586,23.05,,,,,,,,,,,,,,,,,,,,,,,,,,,
BR1D055,1.5086758069558461,10.0,22413,5818,25.96,5793,5719,25.52,4511,20.13,,,,,,,,,,,,,,,,,,,,,,,,,,,
BR1D056,1.8912576368934462,20.0,22376,5783,25.84,5764,5595,25,4202,18.78,,,,,,,,,,,,,,,,,,,,,,,,,,,
BR1D057,2.0816204793990285,23.0,21899,4958,22.64,4932,4820,22.01,3883,17.73,,,,,,,,,,,,,,,,,,,,,,,,,,,
BR1D058,1.3550862055142683,12.0,22659,5832,25.74,5819,5771,25.47,4737,20.91,,,,,,,,,,,,,,,,,,,,,,,,,,,
BR1D059,2.222305548053611,21.0,20470,7179,35.07,7167,7093,34.65,6200,30.29,,,,,,,,,,,,,,,,,,,,,,,,,,,
BR1D060,2.2522993179782373,18.0,21858,7979,36.5,7961,7833,35.84,6517,29.82,,,,,,,,,,,,,,,,,,,,,,,,,,,
BR1D063,1.851185475569004,20.0,29216,7639,26.15,7620,7503,25.68,5999,20.53,,,,,,,,,,,,,,,,,,,,,,,,,,,
BR1D068,2.465107324717508,19.0,17341,3963,22.85,3948,3827,22.07,3482,20.08,,,,,,,,,,,,,,,,,,,,,,,,,,,
BR1D069,2.091365161650122,17.0,22785,6196,27.19,6176,6065,26.62,4879,21.41,,,,,,,,,,,,,,,,,,,,,,,,,,,
BR1D070,1.8596404513223856,12.0,26374,7499,28.43,7469,7337,27.82,5543,21.02,,,,,,,,,,,,,,,,,,,,,,,,,,,
BR1D075,1.927502263274518,22.0,25700,5918,23.03,5901,5728,22.29,4473,17.4,,,,,,,,,,,,,,,,,,,,,,,,,,,
BR1D076,1.8410078302973045,17.0,24629,6612,26.85,6558,6419,26.06,4772,19.38,,,,,,,,,,,,,,,,,,,,,,,,,,,
BR1D085,1.9280797428899068,16.0,30981,11152,36,11114,11009,35.53,7675,24.77,,,,,,,,,,,,,,,,,,,,,,,,,,,
BR1D087,2.248760107506667,18.0,23950,7820,32.65,7727,7422,30.99,5784,24.15,,,,,,,,,,,,,,,,,,,,,,,,,,,
BR1D088,2.349404345699131,23.0,20195,5974,29.58,5938,5750,28.47,4827,23.9,,,,,,,,,,,,,,,,,,,,,,,,,,,
BR1D091,2.40094227626651,18.0,4518,1396,30.9,1378,1311,29.02,1108,24.52,,,,,,,,,,,,,,,,,,,,,,,,,,,
BR1D092,1.6902080712873402,12.0,7221,2105,29.15,2099,2040,28.25,1559,21.59,,,,,,,,,,,,,,,,,,,,,,,,,,,
BR1D093,1.7792040766578234,10.0,12330,4050,32.85,4030,3965,32.16,2964,24.04,,,,,,,,,,,,,,,,,,,,,,,,,,,
BR1D094,1.8285019000347387,9.0,8822,1415,16.04,1403,1347,15.27,1052,11.92,,,,,,,,,,,,,,,,,,,,,,,,,,,
BR1D095,2.3784605297640535,25.0,27390,9094,33.2,9036,8731,31.88,7077,25.84,,,,,,,,,,,,,,,,,,,,,,,,,,,
BR1D096,2.181164882525029,16.0,21238,6744,31.75,6703,6517,30.69,5310,25,,,,,,,,,,,,,,,,,,,,,,,,,,,
BR1D097,2.1679336429439706,24.0,21854,5293,24.22,5265,5115,23.41,4123,18.87,,,,,,,,,,,,,,,,,,,,,,,,,,,
BR1D098,2.56644635787856,17.0,19335,4599,23.79,4535,4218,21.82,3714,19.21,,,,,,,,,,,,,,,,,,,,,,,,,,,
BR1D099,2.2122655582887942,16.0,26722,6903,25.83,6863,6554,24.53,5212,19.5,,,,,,,,,,,,,,,,,,,,,,,,,,,
BR1D100,1.9766509897789097,13.0,26946,7598,28.2,7590,7473,27.73,6057,22.48,,,,,,,,,,,,,,,,,,,,,,,,,,,
BR1D101,1.7347833657784189,10.0,27744,6617,23.85,6577,6505,23.45,4759,17.15,,,,,,,,,,,,,,,,,,,,,,,,,,,
BR1D102,2.4393976345118897,18.0,19494,4637,23.79,4612,4478,22.97,3967,20.35,,,,,,,,,,,,,,,,,,,,,,,,,,,
BR1D103,3.9687757930031866,163.0,63255,20939,33.1,19674,17144,27.1,15464,24.45,,,,,,,,,,,,,,,,,,,,,,,,,,,
BR1D104,3.1491766083577915,141.0,51054,16933,33.17,15863,14036,27.49,11021,21.59,,,,,,,,,,,,,,,,,,,,,,,,,,,
BR1D105,1.965744975959248,35.0,38632,11641,30.13,11104,10540,27.28,7746,20.05,,,,,,,,,,,,,,,,,,,,,,,,,,,
BR1D106,2.7162062870044137,93.0,44730,12546,28.05,11560,10224,22.86,8208,18.35,,,,,,,,,,,,,,,,,,,,,,,,,,,
BR1D107,3.202505472800233,128.0,63301,19559,30.9,17990,15564,24.59,11905,18.81,,,,,,,,,,,,,,,,,,,,,,,,,,,
BR1D108,3.583327898778228,144.0,53197,17496,32.89,16205,13933,26.19,11861,22.3,,,,,,,,,,,,,,,,,,,,,,,,,,,
BR1D109,2.824198552397716,109.0,49431,14120,28.57,12988,11764,23.8,8648,17.5,,,,,,,,,,,,,,,,,,,,,,,,,,,
BR1D110,2.9054735756107233,78.0,33900,10578,31.2,9711,8546,25.21,7268,21.44,,,,,,,,,,,,,,,,,,,,,,,,,,,
BR1D111,2.1228008148362334,15.0,24752,7884,31.85,7872,7719,31.19,6303,25.46,,,,,,,,,,,,,,,,,,,,,,,,,,,
BR1D112,2.6298281698931527,18.0,21173,6068,28.66,6021,5742,27.12,5218,24.64,,,,,,,,,,,,,,,,,,,,,,,,,,,
BR1D114,2.3995610202315927,16.0,21295,6385,29.98,6344,6094,28.62,5203,24.43,,,,,,,,,,,,,,,,,,,,,,,,,,,
BR1D116,2.541503700659827,19.0,31271,8924,28.54,8864,8283,26.49,6896,22.05,,,,,,,,,,,,,,,,,,,,,,,,,,,
BR1D117,2.4016603439533157,17.0,23101,7167,31.02,7141,6850,29.65,5759,24.93,,,,,,,,,,,,,,,,,,,,,,,,,,,
BR1D118,2.4592981206798026,20.0,27394,9736,35.54,9685,9323,34.03,7857,28.68,,,,,,,,,,,,,,,,,,,,,,,,,,,
BR1D119,2.3273563280785563,21.0,27602,10143,36.75,10099,9742,35.29,7804,28.27,,,,,,,,,,,,,,,,,,,,,,,,,,,
BR1D120,1.8712924381382494,11.0,28515,8939,31.35,8905,8785,30.81,6650,23.32,,,,,,,,,,,,,,,,,,,,,,,,,,,
BR1D121,1.9547773166491886,14.0,23508,7605,32.35,7591,7493,31.87,6125,26.05,,,,,,,,,,,,,,,,,,,,,,,,,,,
BR1D122,1.969158868241116,14.0,21398,6481,30.29,6465,6378,29.81,5338,24.95,,,,,,,,,,,,,,,,,,,,,,,,,,,
BR1D123,1.8700026962304461,14.0,25280,7606,30.09,7582,7483,29.6,6204,24.54,,,,,,,,,,,,,,,,,,,,,,,,,,,
BR1D124,2.153543881172391,16.0,16387,5024,30.66,5013,4937,30.13,4302,26.25,,,,,,,,,,,,,,,,,,,,,,,,,,,
BR1D125,1.9019453075149004,16.0,25733,7819,30.39,7791,7654,29.74,6317,24.55,,,,,,,,,,,,,,,,,,,,,,,,,,,
BR1D126,1.9746639991715114,16.0,24884,8147,32.74,8125,8038,32.3,6618,26.6,,,,,,,,,,,,,,,,,,,,,,,,,,,
BR1D127,1.8247710528232566,11.0,19461,2903,14.92,2883,2841,14.6,2304,11.84,,,,,,,,,,,,,,,,,,,,,,,,,,,
BR1D128,1.799400461375674,12.0,30373,9592,31.58,9547,9408,30.97,7183,23.65,,,,,,,,,,,,,,,,,,,,,,,,,,,
BR1D129,1.8394283893246277,13.0,38674,11820,30.56,11780,11619,30.04,9244,23.9,,,,,,,,,,,,,,,,,,,,,,,,,,,
BR1D130,1.8132568440225727,14.0,30633,8553,27.92,8540,8452,27.59,7018,22.91,,,,,,,,,,,,,,,,,,,,,,,,,,,
BR1D131,1.8924365967115953,15.0,32283,7890,24.44,7871,7801,24.16,6307,19.54,,,,,,,,,,,,,,,,,,,,,,,,,,,
BR1D132,2.2604514793393133,16.0,24158,6005,24.86,5916,5797,24,5115,21.17,,,,,,,,,,,,,,,,,,,,,,,,,,,
BR1D133,2.3237886633284153,20.0,24691,6871,27.83,6813,6640,26.89,5582,22.61,,,,,,,,,,,,,,,,,,,,,,,,,,,
BR1D134,1.8823265688186268,14.0,30904,7526,24.35,7471,7414,23.99,6160,19.93,,,,,,,,,,,,,,,,,,,,,,,,,,,
BR1D135,1.9958437924527235,17.0,27250,7135,26.18,7104,6980,25.61,5631,20.66,,,,,,,,,,,,,,,,,,,,,,,,,,,
BR1D136,2.034607827929706,19.0,34621,12866,37.16,12831,12655,36.55,10349,29.89,,,,,,,,,,,,,,,,,,,,,,,,,,,
BR1D137,2.317797945945872,20.0,34297,12668,36.94,12608,12189,35.54,9540,27.82,,,,,,,,,,,,,,,,,,,,,,,,,,,
BR1D138,2.0739061895191115,26.0,37242,11612,31.18,11527,11328,30.42,8746,23.48,,,,,,,,,,,,,,,,,,,,,,,,,,,
BR1D139,2.403767639214739,18.0,18952,5397,28.48,5337,5093,26.87,4882,25.76,,,,,,,,,,,,,,,,,,,,,,,,,,,
BR1D140,2.713028867869351,23.0,31998,11309,35.34,11218,10763,33.64,9421,29.44,,,,,,,,,,,,,,,,,,,,,,,,,,,
BR1D141,2.6264765484350208,19.0,24988,8915,35.68,8849,8478,33.93,7610,30.45,,,,,,,,,,,,,,,,,,,,,,,,,,,
BR1DS2,2.2044413213262963,12.0,26165,7679,29.35,7610,6779,25.91,6026,23.03,,,,,,,,,,,,,,,,,,,,,,,,,,,
BR1DS4,2.1084275347880603,11.0,26183,7540,28.8,7470,6536,24.96,5899,22.53,,,,,,,,,,,,,,,,,,,,,,,,,,,
BR1DS5,2.2225157433367846,16.0,24603,7020,28.53,6948,6123,24.89,5279,21.46,,,,,,,,,,,,,,,,,,,,,,,,,,,
BR1P001,1.8623480641586228,10.0,8853,2754,31.11,2745,2733,30.87,2377,26.85,,,,,,,,,,,,,,,,,,,,,,,,,,,
BR1P002,1.8161994743893783,10.0,10708,3747,34.99,3740,3724,34.78,3207,29.95,,,,,,,,,,,,,,,,,,,,,,,,,,,
BR1P003,1.7715944665670091,12.0,27292,9311,34.12,9295,9256,33.91,8051,29.5,,,,,,,,,,,,,,,,,,,,,,,,,,,
BR1P004,1.8291598108833111,15.0,78306,24747,31.6,24683,24450,31.22,15801,20.18,,,,,,,,,,,,,,,,,,,,,,,,,,,
BR1P005,1.894753395167785,16.0,23952,8624,36.01,8574,8501,35.49,6694,27.95,,,,,,,,,,,,,,,,,,,,,,,,,,,
BR1P006,1.8417170600569996,15.0,18207,6787,37.28,6752,6661,36.58,5490,30.15,,,,,,,,,,,,,,,,,,,,,,,,,,,
BR1P008,1.781506812408896,11.0,20741,4371,21.07,4341,4271,20.59,3319,16,,,,,,,,,,,,,,,,,,,,,,,,,,,
BR1P009,1.865181860482408,11.0,14053,3692,26.27,3688,3665,26.08,3143,22.37,,,,,,,,,,,,,,,,,,,,,,,,,,,
BR1P010,1.8077802128278613,10.0,13983,2255,16.13,2246,2216,15.85,1712,12.24,,,,,,,,,,,,,,,,,,,,,,,,,,,
BR1P011,1.8648742785173733,11.0,8002,2949,36.85,2945,2911,36.38,2570,32.12,,,,,,,,,,,,,,,,,,,,,,,,,,,
BR1P012,1.9743604672873913,17.0,38251,11900,31.11,11852,11662,30.49,9345,24.43,,,,,,,,,,,,,,,,,,,,,,,,,,,
BR1P013,1.7134692977725763,14.0,21384,6852,32.04,6847,6804,31.82,5527,25.85,,,,,,,,,,,,,,,,,,,,,,,,,,,
BR1P014,1.7618670087935475,12.0,11156,3240,29.04,3225,3199,28.68,2659,23.83,,,,,,,,,,,,,,,,,,,,,,,,,,,
BR1P015,1.849148694977857,15.0,83013,28766,34.65,28677,28474,34.3,20030,24.13,,,,,,,,,,,,,,,,,,,,,,,,,,,
BR1P016,1.7339946715404337,11.0,19531,6359,32.56,6086,5993,30.68,5165,26.45,,,,,,,,,,,,,,,,,,,,,,,,,,,
BR1P017,1.7305791735403946,6.0,34163,8959,26.22,8950,8931,26.14,6450,18.88,,,,,,,,,,,,,,,,,,,,,,,,,,,
BR1P018,1.7346846878892355,6.0,18356,5743,31.29,5737,5728,31.21,4887,26.62,,,,,,,,,,,,,,,,,,,,,,,,,,,
BR1P019,1.7118302962538823,6.0,13405,3680,27.45,3671,3667,27.36,3159,23.57,,,,,,,,,,,,,,,,,,,,,,,,,,,
BR1P020,1.7782877160569752,9.0,31615,10878,34.41,10862,10843,34.3,9106,28.8,,,,,,,,,,,,,,,,,,,,,,,,,,,
BR1P021,1.6867565776249345,6.0,19504,5998,30.75,5986,5978,30.65,5135,26.33,,,,,,,,,,,,,,,,,,,,,,,,,,,
BR1P022,1.729894932664457,6.0,33987,12437,36.59,12411,12366,36.38,10550,31.04,,,,,,,,,,,,,,,,,,,,,,,,,,,
BR1P023,1.7259524552078507,8.0,18821,6257,33.24,6241,6185,32.86,5261,27.95,,,,,,,,,,,,,,,,,,,,,,,,,,,
BR1P025,1.8112275979400738,11.0,44430,9122,20.53,9113,9083,20.44,7467,16.81,,,,,,,,,,,,,,,,,,,,,,,,,,,
BR1P026,1.7629017662890412,9.0,37264,6081,16.32,6057,6042,16.21,5040,13.53,,,,,,,,,,,,,,,,,,,,,,,,,,,
BR1P027,1.7806467511057915,9.0,10834,3570,32.95,3559,3548,32.75,3013,27.81,,,,,,,,,,,,,,,,,,,,,,,,,,,
BR1P028,1.788513946148395,9.0,21502,7132,33.17,7112,7093,32.99,5876,27.33,,,,,,,,,,,,,,,,,,,,,,,,,,,
BR1P029,1.6759879224809202,7.0,14162,4409,31.13,4405,4383,30.95,3865,27.29,,,,,,,,,,,,,,,,,,,,,,,,,,,
BR1P031,1.4274415376634735,7.0,17837,6590,36.95,6579,6572,36.84,5542,31.07,,,,,,,,,,,,,,,,,,,,,,,,,,,
BR1P032,1.3444438695999366,6.0,21807,6979,32,6964,6911,31.69,5533,25.37,,,,,,,,,,,,,,,,,,,,,,,,,,,
BR1P033,1.4086992712317554,6.0,18451,5732,31.07,5726,5706,30.93,4629,25.09,,,,,,,,,,,,,,,,,,,,,,,,,,,
BR1P034,1.7438145703257424,7.0,28951,9972,34.44,9953,9857,34.05,7614,26.3,,,,,,,,,,,,,,,,,,,,,,,,,,,
BR1P035,1.7011095903180684,7.0,32790,9954,30.36,9919,9905,30.21,7909,24.12,,,,,,,,,,,,,,,,,,,,,,,,,,,
BR1P036,1.6988394236560405,6.0,12663,4082,32.24,4067,4056,32.03,3302,26.08,,,,,,,,,,,,,,,,,,,,,,,,,,,
BR1P037,1.6443682010622147,7.0,23883,7446,31.18,7434,7425,31.09,6305,26.4,,,,,,,,,,,,,,,,,,,,,,,,,,,
BR1P038,1.4891547527926077,6.0,20282,7253,35.76,7243,7210,35.55,5588,27.55,,,,,,,,,,,,,,,,,,,,,,,,,,,
BR1P039,1.3494440399906393,6.0,27270,8827,32.37,8815,8794,32.25,6449,23.65,,,,,,,,,,,,,,,,,,,,,,,,,,,
BR1P040,1.7457690152933423,6.0,12012,3573,29.75,3562,3553,29.58,2886,24.03,,,,,,,,,,,,,,,,,,,,,,,,,,,
BR1P041,1.7474317300131188,7.0,29456,10099,34.29,10084,10059,34.15,7853,26.66,,,,,,,,,,,,,,,,,,,,,,,,,,,
BR1P042,1.732411069298252,7.0,18359,5674,30.91,5660,5640,30.72,4523,24.64,,,,,,,,,,,,,,,,,,,,,,,,,,,
BR1P043,1.6215567899555694,6.0,24071,3771,15.67,3764,3733,15.51,2894,12.02,,,,,,,,,,,,,,,,,,,,,,,,,,,
BR1P044,1.6283463133846703,7.0,33671,9579,28.45,9568,9507,28.23,7502,22.28,,,,,,,,,,,,,,,,,,,,,,,,,,,
BR1P045,1.672755949514036,7.0,23820,5275,22.15,5238,5203,21.84,3637,15.27,,,,,,,,,,,,,,,,,,,,,,,,,,,
BR1P046,1.7413570466785366,11.0,21515,6190,28.77,6171,6132,28.5,4740,22.03,,,,,,,,,,,,,,,,,,,,,,,,,,,
BR1P047,1.7656062187033663,8.0,6414,2039,31.79,2028,1992,31.06,1642,25.6,,,,,,,,,,,,,,,,,,,,,,,,,,,
BR1P048,1.9040211543033059,15.0,14098,4941,35.05,4929,4892,34.7,4138,29.35,,,,,,,,,,,,,,,,,,,,,,,,,,,
BR1P049,1.6665224820564546,13.0,30848,11421,37.02,11393,11200,36.31,7990,25.9,,,,,,,,,,,,,,,,,,,,,,,,,,,
BR1P050,1.9077665366291146,22.0,41985,14053,33.47,13981,13705,32.64,10074,23.99,,,,,,,,,,,,,,,,,,,,,,,,,,,
BR1P051,1.820290918871787,13.0,22690,7226,31.85,7202,7131,31.43,6125,26.99,,,,,,,,,,,,,,,,,,,,,,,,,,,
BR1P052,1.867238033271457,18.0,42780,15673,36.64,15619,15391,35.98,11729,27.42,,,,,,,,,,,,,,,,,,,,,,,,,,,
BR1P053,1.7986061703557894,14.0,27771,8102,29.17,8051,7916,28.5,6175,22.24,,,,,,,,,,,,,,,,,,,,,,,,,,,
BR1P054,1.8181233316642016,19.0,60402,19098,31.62,19060,18779,31.09,13814,22.87,,,,,,,,,,,,,,,,,,,,,,,,,,,
BR1P056,1.9497240019598219,19.0,132127,42820,32.41,42688,42106,31.87,26977,20.42,,,,,,,,,,,,,,,,,,,,,,,,,,,
BR1P057,2.0298294537214514,24.0,31735,10271,32.36,10229,10076,31.75,7971,25.12,,,,,,,,,,,,,,,,,,,,,,,,,,,
BR1P058,1.6059713525594939,12.0,15375,4565,29.69,4541,4466,29.05,3408,22.17,,,,,,,,,,,,,,,,,,,,,,,,,,,
BR1P059,1.7891374984069006,15.0,17866,6235,34.9,6223,6192,34.66,5123,28.67,,,,,,,,,,,,,,,,,,,,,,,,,,,
BR1P060,1.9167839082786458,22.0,88102,31422,35.67,31347,30982,35.17,22946,26.04,,,,,,,,,,,,,,,,,,,,,,,,,,,
BR1P061,1.798746124606705,12.0,36741,11085,30.17,11022,10932,29.75,8824,24.02,,,,,,,,,,,,,,,,,,,,,,,,,,,
BR1P062,1.7496371412502851,8.0,18494,5774,31.22,5753,5687,30.75,4729,25.57,,,,,,,,,,,,,,,,,,,,,,,,,,,
BR1P063,1.727086792092116,7.0,21257,2572,12.1,2564,2534,11.92,2202,10.36,,,,,,,,,,,,,,,,,,,,,,,,,,,
BR1P064,1.8036150394815615,13.0,17222,4548,26.41,4537,4518,26.23,3923,22.78,,,,,,,,,,,,,,,,,,,,,,,,,,,
BR1P065,1.8380578085682466,9.0,25813,7821,30.3,7794,7726,29.93,6011,23.29,,,,,,,,,,,,,,,,,,,,,,,,,,,
BR1P066,1.7341006280940725,10.0,15368,4467,29.07,4459,4435,28.86,3922,25.52,,,,,,,,,,,,,,,,,,,,,,,,,,,
BR1P067,1.8614648653745518,12.0,18132,6124,33.77,6116,6091,33.59,5346,29.48,,,,,,,,,,,,,,,,,,,,,,,,,,,
BR1P068,1.749060829622402,7.0,12780,3281,25.67,3271,3233,25.3,2785,21.79,,,,,,,,,,,,,,,,,,,,,,,,,,,
BR1P069,1.7331054399070687,7.0,17424,4311,24.74,4298,4260,24.45,3695,21.21,,,,,,,,,,,,,,,,,,,,,,,,,,,
BR1P070,1.7035413799901744,7.0,13006,3023,23.24,3008,2975,22.87,2608,20.05,,,,,,,,,,,,,,,,,,,,,,,,,,,
BR1P073,1.7719343706842645,11.0,16657,4330,26,4319,4274,25.66,3623,21.75,,,,,,,,,,,,,,,,,,,,,,,,,,,
BR1P074,1.7709574031107849,11.0,22281,6335,28.43,6330,6277,28.17,5210,23.38,,,,,,,,,,,,,,,,,,,,,,,,,,,
BR1P075,1.7361581817954852,7.0,16914,5462,32.29,5440,5390,31.87,4367,25.82,,,,,,,,,,,,,,,,,,,,,,,,,,,
BR1P076,1.125477503287109,6.0,23047,7992,34.68,7976,7938,34.44,5940,25.77,,,,,,,,,,,,,,,,,,,,,,,,,,,
BR1P077,1.4246786560476095,7.0,23819,8059,33.83,7997,7946,33.36,6266,26.31,,,,,,,,,,,,,,,,,,,,,,,,,,,
BR1P079,1.7368372335935194,6.0,10806,2487,23.01,2475,2453,22.7,2170,20.08,,,,,,,,,,,,,,,,,,,,,,,,,,,
BR1P080,1.8382903839148224,13.0,43232,14730,34.07,14714,14645,33.88,11904,27.54,,,,,,,,,,,,,,,,,,,,,,,,,,,
BR1P081,1.7600857802506227,9.0,21997,7607,34.58,7599,7560,34.37,6456,29.35,,,,,,,,,,,,,,,,,,,,,,,,,,,
BR1P082,1.5023122557990543,7.0,24787,7865,31.73,7847,7805,31.49,6525,26.32,,,,,,,,,,,,,,,,,,,,,,,,,,,
BR1P083,1.566167422868896,6.0,18669,4945,26.49,4907,4887,26.18,4262,22.83,,,,,,,,,,,,,,,,,,,,,,,,,,,
BR1P084,1.646255062756362,6.0,10796,2592,24.01,2586,2577,23.87,2304,21.34,,,,,,,,,,,,,,,,,,,,,,,,,,,
BR1P085,1.7466731543745184,7.0,31048,8813,28.39,8795,8749,28.18,5781,18.62,,,,,,,,,,,,,,,,,,,,,,,,,,,
BR1P086,1.73373827956861,6.0,4645,1449,31.19,1446,1439,30.98,1272,27.38,,,,,,,,,,,,,,,,,,,,,,,,,,,
BR1P088,1.7521867802447406,6.0,10466,3727,35.61,3722,3708,35.43,3153,30.13,,,,,,,,,,,,,,,,,,,,,,,,,,,
BR1P089,1.6918510330445455,7.0,18018,6563,36.42,6540,6514,36.15,5512,30.59,,,,,,,,,,,,,,,,,,,,,,,,,,,
BR1P090,1.5429865332721535,6.0,25395,8326,32.79,8285,8218,32.36,6097,24.01,,,,,,,,,,,,,,,,,,,,,,,,,,,
BR1P091,1.8444862120781096,14.0,54010,17500,32.4,17435,17327,32.08,12167,22.53,,,,,,,,,,,,,,,,,,,,,,,,,,,
BR1P092,1.6988177706004497,8.0,7396,2561,34.63,2537,2520,34.07,1938,26.2,,,,,,,,,,,,,,,,,,,,,,,,,,,
BR1P093,1.739576014205209,12.0,16173,2713,16.77,2706,2689,16.63,2357,14.57,,,,,,,,,,,,,,,,,,,,,,,,,,,
BR1P094,1.8381753913243826,11.0,10168,2459,24.18,2452,2433,23.93,2089,20.54,,,,,,,,,,,,,,,,,,,,,,,,,,,
BR1P095,1.8902590292638926,14.0,15726,4589,29.18,4587,4550,28.93,3914,24.89,,,,,,,,,,,,,,,,,,,,,,,,,,,
BR1P096,1.9127897599506738,15.0,41631,9716,23.34,9694,9625,23.12,8074,19.39,,,,,,,,,,,,,,,,,,,,,,,,,,,
BR1P097,1.8695000150723762,14.0,77196,20834,26.99,20770,20588,26.67,15147,19.62,,,,,,,,,,,,,,,,,,,,,,,,,,,
BR1P098,1.8279523487543916,10.0,35755,8472,23.69,8454,8333,23.31,6365,17.8,,,,,,,,,,,,,,,,,,,,,,,,,,,
BR1P099,1.763005436521967,7.0,9322,3397,36.44,3389,3353,35.97,2782,29.84,,,,,,,,,,,,,,,,,,,,,,,,,,,
BR1P100,1.860270167871931,15.0,60524,9242,15.27,9095,8986,14.85,6869,11.35,,,,,,,,,,,,,,,,,,,,,,,,,,,
BR1P101,1.9111856795678255,15.0,103278,32040,31.02,31934,31578,30.58,20625,19.97,,,,,,,,,,,,,,,,,,,,,,,,,,,
BR1P102,1.9324767096953277,18.0,169072,64195,37.97,64034,63704,37.68,44627,26.4,,,,,,,,,,,,,,,,,,,,,,,,,,,
BR1P103,1.770400886658955,15.0,23174,7714,33.29,7694,7644,32.99,5648,24.37,,,,,,,,,,,,,,,,,,,,,,,,,,,
BR1P104,1.7997817811572416,11.0,17405,3966,22.79,3942,3903,22.42,3215,18.47,,,,,,,,,,,,,,,,,,,,,,,,,,,
BR1P105,1.8166888012513283,14.0,24820,8978,36.17,8965,8917,35.93,7413,29.87,,,,,,,,,,,,,,,,,,,,,,,,,,,
BR1P106,1.7843455314708772,8.0,25605,8608,33.62,8586,8561,33.43,6984,27.28,,,,,,,,,,,,,,,,,,,,,,,,,,,
BR1P107,1.798056527441612,14.0,28559,9292,32.54,9269,9179,32.14,7084,24.8,,,,,,,,,,,,,,,,,,,,,,,,,,,
BR1P109,1.829373820939219,11.0,29095,9229,31.72,9218,9165,31.5,7626,26.21,,,,,,,,,,,,,,,,,,,,,,,,,,,
BR1P110,1.7029838761311096,6.0,11315,3566,31.52,3558,3528,31.18,3056,27.01,,,,,,,,,,,,,,,,,,,,,,,,,,,
BR1P111,1.8727136207899557,11.0,14729,4105,27.87,4098,4079,27.69,3467,23.54,,,,,,,,,,,,,,,,,,,,,,,,,,,
BR1P112,1.9345353381921553,14.0,7661,2316,30.23,2310,2284,29.81,1985,25.91,,,,,,,,,,,,,,,,,,,,,,,,,,,
BR1P113,1.841208460976435,12.0,8789,2337,26.59,2335,2323,26.43,2085,23.72,,,,,,,,,,,,,,,,,,,,,,,,,,,
BR1P114,1.7311757745200334,9.0,21481,6067,28.24,6060,6026,28.05,5362,24.96,,,,,,,,,,,,,,,,,,,,,,,,,,,
BR1P115,1.8421795959355813,10.0,32912,10992,33.4,10981,10943,33.25,8103,24.62,,,,,,,,,,,,,,,,,,,,,,,,,,,
BR1P116,1.647909013524817,6.0,8675,2719,31.34,2714,2708,31.22,2330,26.86,,,,,,,,,,,,,,,,,,,,,,,,,,,
BR1P117,1.5774492038304022,6.0,11477,3395,29.58,3388,3382,29.47,3014,26.26,,,,,,,,,,,,,,,,,,,,,,,,,,,
BR1P118,1.7356470704595675,6.0,20223,3249,16.07,3224,3204,15.84,2430,12.02,,,,,,,,,,,,,,,,,,,,,,,,,,,
BR1P119,1.7266255200118727,6.0,8094,1908,23.57,1902,1895,23.41,1498,18.51,,,,,,,,,,,,,,,,,,,,,,,,,,,
BR1P120,1.8034924164921375,12.0,43674,12383,28.35,12313,12074,27.65,9366,21.45,,,,,,,,,,,,,,,,,,,,,,,,,,,
BR1P121,1.7416617063069277,7.0,16308,5246,32.17,5225,5219,32,4481,27.48,,,,,,,,,,,,,,,,,,,,,,,,,,,
BR1P122,1.3356248501903651,6.0,18303,5778,31.57,5756,5740,31.36,4324,23.62,,,,,,,,,,,,,,,,,,,,,,,,,,,
BR1P123,1.5666452973638532,6.0,15257,5675,37.2,5663,5654,37.06,4821,31.6,,,,,,,,,,,,,,,,,,,,,,,,,,,
BR1P125,1.6870043930927885,6.0,15792,4375,27.7,4368,4344,27.51,3788,23.99,,,,,,,,,,,,,,,,,,,,,,,,,,,
BR1P126,1.7090255732938406,7.0,18161,6068,33.41,6043,6026,33.18,5136,28.28,,,,,,,,,,,,,,,,,,,,,,,,,,,
BR1P127,1.2619128509155169,8.0,47033,14599,31.04,14559,14509,30.85,10590,22.52,,,,,,,,,,,,,,,,,,,,,,,,,,,
BR1P128,1.558457295146295,8.0,57024,18281,32.06,18261,18115,31.77,14441,25.32,,,,,,,,,,,,,,,,,,,,,,,,,,,
BR1P129,1.4621989292927726,6.0,15420,4554,29.53,4548,4530,29.38,3649,23.66,,,,,,,,,,,,,,,,,,,,,,,,,,,
BR1P130A,1.745189106056034,7.0,15915,2453,15.41,2447,2435,15.3,2060,12.94,,,,,,,,,,,,,,,,,,,,,,,,,,,
BR1P130B,1.6973564154108216,7.0,18832,2593,13.77,2591,2577,13.68,2249,11.94,,,,,,,,,,,,,,,,,,,,,,,,,,,
BR1P133,1.660285926919198,6.0,11193,2838,25.36,2833,2825,25.24,2397,21.42,,,,,,,,,,,,,,,,,,,,,,,,,,,
BR1P135,1.7376412501638083,7.0,21414,4675,21.83,4673,4662,21.77,3942,18.41,,,,,,,,,,,,,,,,,,,,,,,,,,,
BR1P136,2.256798731771094,22.0,20220,6338,31.35,6275,6102,30.18,4525,22.38,,,,,,,,,,,,,,,,,,,,,,,,,,,
BR1P137,1.6490517694041547,6.0,21005,7624,36.3,7608,7578,36.08,6323,30.1,,,,,,,,,,,,,,,,,,,,,,,,,,,
BR1P138,1.7028670537649653,7.0,28740,10745,37.39,10722,10703,37.24,9159,31.87,,,,,,,,,,,,,,,,,,,,,,,,,,,
BR1P139,2.1148682378614443,10.0,23791,6594,27.72,6546,5693,23.93,4861,20.43,,,,,,,,,,,,,,,,,,,,,,,,,,,
BR1P140,2.095930018674552,10.0,21039,5101,24.25,5070,4687,22.28,4431,21.06,,,,,,,,,,,,,,,,,,,,,,,,,,,
BR1P141,2.14471440233234,10.0,17678,4418,24.99,4380,3753,21.23,3163,17.89,,,,,,,,,,,,,,,,,,,,,,,,,,,
BR1S1012,4.687460940425812,162.0,30040,6280,20.91,5120,2689,8.95,2516,8.38,Sampling,8/26/24,4.0,,,,,4:13 PM,PM,12.0,840.0,17.534,3.225,-0.35,0.52,1.2,0.11,7.24,1.7,401643.0,NE,3.0,,25.0,21.0,Sediment,Pre
BR1S1013,4.815675361643161,171.0,25667,5682,22.14,4718,2769,10.79,2606,10.15,Sampling,27-Aug,1.0,BR1_1_004,22.7,0.0,0.0,9:50 AM,AM,13.0,1800.0,16.957,3.089,-0.45,0.0,25.0,2.38,7.13,1.62,411177.0,SE,0.0,Y,40.0,18.0,Sediment,Pre
BR1S1014,4.793271119053958,196.0,39019,8068,20.68,6728,3609,9.25,3216,8.24,Sampling,27-Aug,4.0,BR1_4_004,24.4,0.0,0.0,9:50 AM,AM,14.0,660.0,16.9,3.116,8.2,0.0,1.3,0.13,7.13,1.64,411177.0,SE,0.0,Y,40.0,18.0,Sediment,Pre
BR1S1015,5.108582620350527,231.0,47199,9908,20.99,8259,4382,9.28,3903,8.27,Sampling,27-Aug,1.0,,,,,1:58 PM,PM,15.0,540.0,17.1,3.079,2.3,0.0,29.3,2.8,7.14,1.62,,,,,,,Sediment,Pre
BR1S1016,4.728560515553047,161.0,52718,5927,11.24,4799,2566,4.87,2231,4.23,Sampling,27-Aug,4.0,,,,,2:05 PM,PM,16.0,480.0,17.47,3.107,0.8,0.0,4.0,0.37,7.17,1.63,,,,,,,Sediment,Pre
BR1S1017,4.82625086270188,190.0,34454,7932,23.02,6569,3369,9.78,3136,9.1,Sampling,4-Sep,1.0,BR1_1_005,54.0,58.88,96.0,9:52 AM,AM,17.0,660.0,17.15,3.275,255.0,2300.0,12.6,1.2,7.04,1.72,432627.0,W,3.0,N,40.0,21.0,Sediment,Pre
BR1S1018,4.7943288327479205,170.0,32430,7040,21.71,5741,3011,9.28,2889,8.91,Sampling,4-Sep,4.0,BR1_4_005,61.0,43.0,95.276,9:52 AM,AM,18.0,480.0,17.3,3.255,15.55,6300.0,7.3,0.69,7.16,1.71,432627.0,W,3.0,N,40.0,21.0,Sediment,Pre
BR1S1019,4.40491438273758,110.0,25386,4798,18.9,3670,1901,7.49,1755,6.91,Sampling,4-Sep,1.0,,,,,2:27 PM,PM,19.0,480.0,17.333,3.22,1.5,0.0,9.8,0.94,7.16,1.69,435678.0,W,3.0,N,50.0,20.0,Sediment,Pre
BR1S1020,4.354148252792194,116.0,20219,3982,19.69,3159,1712,8.47,1622,8.02,Sampling,4-Sep,4.0,,,,,2:27 PM,PM,20.0,480.0,17.5,3.213,8.3,0.0,5.0,0.46,7.18,1.69,435678.0,W,3.0,N,50.0,20.0,Sediment,Pre
BR1S1021,5.020570516801021,226.0,32644,8695,26.64,7352,4283,13.12,3973,12.17,Sampling,5-Sep,1.0,BR1_1_006,50.0,49.0,95.505,10:07 AM,AM,21.0,1140.0,16.975,3.123,13.25,110.0,13.2,1.25,7.14,1.64,437856.0,NW,2.0,N,41.0,22.0,Sediment,Pre
BR1S1022,4.121511693654388,107.0,20879,4321,20.7,3612,2023,9.69,1874,8.98,Sampling,5-Sep,4.0,BR1_4_006,80.0,74.0,103.729,10:11 AM,AM,22.0,,17.24,3.178,12.3,37.0,2.6,0.23,7.17,1.64,437856.0,NW,2.0,N,41.0,22.0,Sediment,Pre
BR1S1023,5.0234085477103685,213.0,38204,8524,22.31,7147,4089,10.7,3859,10.1,Sampling,5-Sep,1.0,,,,,2:18 PM,PM,23.0,1380.0,17.359,3.099,-43.05,0.0,20.1,1.91,7.2,1.63,440431.0,W,3.0,N,33.0,22.0,Sediment,Pre
BR1S1024,3.566105322817087,84.0,18894,4833,25.58,4173,2996,15.86,2463,13.04,Sampling,5-Sep,4.0,,,,,2:21 PM,PM,24.0,360.0,17.55,3.164,-41.0,0.05,3.8,0.35,7.2,1.66,440431.0,W,3.0,N,33.0,22.0,Sediment,Pre
BR1S1025,4.880060588616343,199.0,41261,8749,21.2,7489,4407,10.68,4144,10.04,Sampling,9/23/24,1.0,BR1_1_007,32.0,81.525,133.924,9:56 AM,AM,25.0,600.0,17.354,3.273,-0.78,,11.5,1.07,7.1,1.72,453647.0,W,2.0,N,33.0,18.0,Sediment,Post
BR1S1026,4.881189072145331,197.0,32843,8115,24.71,6749,3814,11.61,3640,11.08,Sampling,9/23/24,4.0,BR1_4_007,3710.9,55.97,217.546,9:56 AM,AM,26.0,1080.0,18.2,3.061,298.64,178.0,21.0,1.95,7.59,1.6,453647.0,W,2.0,N,33.0,18.0,Sediment,Post
BR1S1027,4.144556664369412,85.0,14702,2651,18.03,2024,1130,7.69,1037,7.05,Sampling,9/23/24,1.0,,,,,2:04 PM,PM,27.0,1500.0,17.457,3.23,0.0,,6.8,0.65,7.16,1.6,457050.0,W,3.0,N,36.0,22.0,Sediment,Post
BR1S1028,4.660330247551229,149.0,29258,6026,20.6,4752,2268,7.75,2129,7.28,Sampling,9/23/24,4.0,,,,,2:04 PM,PM,28.0,240.0,17.968,3.246,7.86,5000.0,5.3,0.5,7.41,1.71,457050.0,W,3.0,N,36.0,22.0,Sediment,Post
BR1S1029,4.868934952680026,184.0,32482,8113,24.98,6551,3312,10.2,3022,9.3,Sampling,9/24/24,1.0,BR1_1_008,36.0,70.0,186.937,9:37 AM,AM,29.0,720.0,17.066,3.205,-0.37,0.46,12.5,1.19,7.17,1.69,457346.0,W,2.0,Y,41.0,20.0,Sediment,Post
BR1S1031,4.8203957322120985,175.0,37023,7883,21.29,6585,3463,9.35,3270,8.83,Sampling,9/24/24,1.0,,,,,2:15 PM,PM,31.0,600.0,17.533,3.205,-2.49,,14.3,1.36,7.19,1.68,457635.0,W,4.0,N,40.0,20.0,Sediment,Post
BR1S1032,4.39750754617671,116.0,16175,3872,23.94,2993,1644,10.16,1560,9.64,Sampling,9/24/24,4.0,,,,,2:20 PM,PM,32.0,300.0,17.39,3.241,811.0,,3.5,0.34,7.48,1.7,457635.0,W,4.0,N,40.0,20.0,Sediment,Post
BR1S1033,4.669822958885899,160.0,41577,8671,20.86,6941,2969,7.14,2667,6.41,Sampling,9/30/24,1.0,BR1_1_009,143.5999994,,0.0,9:44 AM,AM,33.0,360.0,17.3,3.311,4.6,0.0,13.0,1.24,7.12,1.72,460424.0,NW,2.0,N,11.0,20.0,Sediment,Post
BR1S1034,4.462518636643124,125.0,23631,4961,20.99,3842,1802,7.63,1709,7.23,Sampling,9/30/24,4.0,BR1_4_009,2378.099998,,31.52100038,9:44 AM,AM,34.0,720.0,17.4,3.305,4.66,0.0,12.4,1.15,7.44,1.72,460424.0,NW,2.0,N,11.0,20.0,Sediment,Post
BR1S1035,4.510553705910974,144.0,26554,5773,21.74,4671,2601,9.8,2330,8.77,Sampling,9/30/24,1.0,,,,,2:21 PM,PM,35.0,900.0,17.4,3.248,-0.21,83.17,9.1,0.87,7.17,1.69,463624.0,W,3.0,Y,0.0,26.0,Sediment,Post
BR1S1036,4.3777929130349,114.0,23684,4753,20.07,3658,1608,6.79,1485,6.27,Sampling,9/30/24,4.0,,,,,2:21 PM,PM,36.0,360.0,18.2,3.292,1398.0,89.05,8.2,0.76,7.33,1.71,463624.0,W,3.0,Y,0.0,26.0,Sediment,Post
BR1S1037,4.425097569669703,129.0,23970,4982,20.78,3921,1818,7.58,1589,6.63,Sampling,10/1/24,1.0,BR1_1_010,164.8999996,,0.0,9:47 AM,AM,37.0,,17.4,3.233,-0.32,103.4,13.8,1.29,7.13,1.68,464912.0,NW,1.0,N,0.0,26.0,Sediment,Post
BR1S1038,4.966433591671342,226.0,65166,11965,18.36,10056,5103,7.83,4336,6.65,Sampling,10/1/24,4.0,BR1_4_010,1347.700001,,11.69999981,9:47 AM,AM,38.0,300.0,16.5,3.266,8.0,98.74,4.5,0.27,7.23,1.68,464912.0,NW,1.0,N,0.0,26.0,Sediment,Post
BR1S1039,4.793319467451611,191.0,36853,8534,23.16,6811,3362,9.12,2798,7.59,Sampling,10/1/24,1.0,,,,,2:15 PM,PM,39.0,480.0,18.1,3.237,1.14,99.81,14.9,1.38,7.18,1.58,464912.0,W,4.0,N,5.0,27.0,Sediment,Post
BR1S1040,4.241542100406649,103.0,21493,4162,19.36,3024,1334,6.21,1190,5.54,Sampling,,4.0,,,,,2:15 PM,PM,40.0,180.0,18.0,3.264,5.0,96.99,12.5,0.94,7.28,1.69,464912.0,W,4.0,N,5.0,27.0,Sediment,Post
BR1S1041,4.807365877636615,199.0,37681,9228,24.49,7653,4150,11.01,3715,9.86,Sampling,10/7/24,1.0,BR1_1_011,16.5,0.0,0.0,10:00 AM,AM,41.0,1.08,17.4,2.832,17.27,88.19,13.2,1.25,7.13,1.74,465164.0,W,1.0,N,29.0,26.0,Sediment,Post
BR1S1042,5.182606332933418,272.0,66415,15164,22.83,13196,7764,11.69,7221,10.87,Sampling,10/7/24,4.0,BR1_4_011,3052.7,0.0,0.0,10:00 AM,AM,42.0,540.0,17.6,2.789,5.0,55.0,8.5,0.79,7.31,1.7,465164.0,W,1.0,N,29.0,26.0,Sediment,Post
BR1S1043,4.642470151553923,161.0,35206,6803,19.32,5654,3100,8.81,2742,7.79,Sampling,10/7/24,1.0,,,,,2:21 PM,PM,43.0,460.0,17.7,2.807,0.4,82.5,16.1,1.5,7.21,1.72,465168.0,W,4.0,N,16.0,26.0,Sediment,Post
BR1S1044,4.105173891181295,85.0,24223,3834,15.83,2869,1162,4.8,1080,4.46,Sampling,10/7/24,4.0,,,,,2:21 PM,PM,44.0,480.0,17.7,2.731,2.24,50.0,8.0,0.73,7.34,1.66,465168.0,W,4.0,N,16.0,26.0,Sediment,Post
BR1S1048,4.507755186130334,142.0,25471,5039,19.78,3701,1726,6.78,1589,6.24,Sampling,10/8/24,4.0,,,,,1:40 PM,PM,48.0,540.0,17.3,2.762,6.7,71.36,3.5,0.33,7.33,1.71,465283.0,W,3.0,N,8.0,21.0,Sediment,Post
Br1Spi1PreB000,4.633201460566701,160.0,23609,5021,21.27,3916,2626,11.12,2321,9.83,Spike In 1,9/10/24,,,,,,,,,,,,,,,,,,,,,,,,,
Br1Spi1PreB001,4.690778720803004,188.0,28255,7400,26.19,5499,2645,9.36,2378,8.42,Spike In 1,9/10/24,,,,,,,,,,,,,,,,,,,,,,,,,
Br1Spi1PreB002,4.864089177535684,201.0,23534,6339,26.94,5104,3606,15.32,3205,13.62,Spike In 1,9/10/24,,,,,,,,,,,,,,,,,,,,,,,,,
Br1Spi1PreB003,3.5088199470079235,78.0,13868,3108,22.41,2402,1745,12.58,1435,10.35,Spike In 1,9/10/24,,,,,,,,,,,,,,,,,,,,,,,,,
Br1Spi1PreS000,4.658488618474106,159.0,31965,7600,23.78,6107,2913,9.11,2703,8.46,Spike In 1,9/10/24,,,,,,,,,,,,,,,,,,,,,,,,,
Br1Spi1PreS001,4.418816421487481,115.0,16818,4223,25.11,3349,1456,8.66,1368,8.13,Spike In 1,9/10/24,,,,,,,,,,,,,,,,,,,,,,,,,
Br1Spi1PreS002,4.513475966183532,127.0,29154,5316,18.23,4149,2036,6.98,1862,6.39,Spike In 1,9/10/24,,,,,,,,,,,,,,,,,,,,,,,,,
Br1Spi1PreS003,4.343279792470315,118.0,24336,5212,21.42,4060,1690,6.94,1612,6.62,Spike In 1,9/10/24,,,,,,,,,,,,,,,,,,,,,,,,,
Br1Spi2PostB000,4.56257666842888,149.0,28443,4955,17.42,3682,2591,9.11,2359,8.29,Spike In 2,9/10/24,,,,,,,,,,,,,,,,,,,,,,,,,
Br1Spi2PostB001,3.732470898103581,115.0,21734,4643,21.36,3606,2601,11.97,2414,11.11,Spike In 2,,,,,,,,,,,,,,,,,,,,,,,,,,
Br1Spi2PostB002,4.063342845581812,93.0,11441,2629,22.98,1795,1288,11.26,1138,9.95,Spike In 2,,,,,,,,,,,,,,,,,,,,,,,,,,
Br1Spi2PostB003,3.8750032331737065,130.0,20653,5553,26.89,4350,3239,15.68,2895,14.02,Spike In 2,,,,,,,,,,,,,,,,,,,,,,,,,,
Br1Spi2PostS000,4.444588608484732,145.0,18649,4948,26.53,4155,2777,14.89,2589,13.88,Spike In 2,,,,,,,,,,,,,,,,,,,,,,,,,,
Br1Spi2PostS001,4.019725008533381,102.0,20281,5363,26.44,4314,2285,11.27,2011,9.92,Spike In 2,,,,,,,,,,,,,,,,,,,,,,,,,,
Br1Spi2PostS002,4.439662513876548,125.0,22084,4883,22.11,3993,2393,10.84,2191,9.92,Spike In 2,,,,,,,,,,,,,,,,,,,,,,,,,,
Br1Spi2PostS003,4.390861069977971,141.0,27542,6550,23.78,5251,2765,10.04,2454,8.91,Spike In 2,,,,,,,,,,,,,,,,,,,,,,,,,,
Control14,2.3299220142296986,24.0,20064,6248,31.14,6181,5807,28.94,4089,20.38,,,,,,,,,,,,,,,,,,,,,,,,,,,
Control15,2.182751816764816,19.0,19382,5957,30.73,5909,5733,29.58,4225,21.8,,,,,,,,,,,,,,,,,,,,,,,,,,,
