sample-id	input	filtered	percentage of input passed filter	denoised	merged	percentage of input merged	non-chimeric	percentage of input non-chimeric	Date	Year	SampleType	Dosing	Time	Timeperiod	AM.PM	InfluentFlowgalpermin	WindSpeedmps	WindDirection	H2OUse	PercentCloudCover	Port	PSampleID	ImidAbsorbance	ImidConcentration	PyreAbsorbance	PyreConcentration	FilterVolmL	ConductivitymgL	TempC	Turbidityppm	Phosppm	Nitratesppm	DisO2ppm	Salinity	pH	avgImidppm	avgPyreppm	ImidConcentrationppm	PyreConcentrationppm	TurbidityppmSONDE	NitratesppmSONDE	DisO2ppmSONDE	SalinitySONDE	pHSONDE
B0001_S1	16068	14714	91.57	14018	12455	77.51	11781	73.32	7/8/19	2019	Water	Pre	8:15:00	8:00:00	AM	NA	NA	NA	0	100	1	P_0001	0.406	0.255711	0.2495	16.23016	75	1460	14	84	2.47	31.8	8.9	2	NA	0.255711	16.23016	NA	NA	NA	NA	NA	NA	NA
B0002_S2	4596	4054	88.21	3807	3392	73.8	3256	70.84	7/8/19	2019	Water	Pre	8:25:00	8:00:00	AM	NA	NA	NA	0	100	2	NA	NA	NA	NA	NA	45	1525	14.5	101	2.13	44.6	12	2	NA	NA	NA	NA	NA	NA	NA	NA	NA	NA
B0003_S3	20800	19875	95.55	18796	13760	66.15	11392	54.77	7/8/19	2019	Water	Pre	8:46:00	8:00:00	AM	NA	NA	NA	0	100	3	NA	NA	NA	NA	NA	50	1281	15.2	68	1.68	30.6	13.3	2	NA	NA	NA	NA	NA	NA	NA	NA	NA	NA
B0004_S4	14339	13409	93.51	12580	8816	61.48	7725	53.87	7/8/19	2019	Water	Pre	8:57:00	8:00:00	AM	NA	NA	NA	0	100	4	P_0004	0.491	0.082257	0.406	3.74206	180	2660	14.7	35	1.4	23.8	5.5	2	NA	0.082257	3.74206	NA	NA	NA	NA	NA	NA	NA
B0005_S5	17097	16305	95.37	15244	11064	64.71	9499	55.56	7/8/19	2019	Water	Pre	11:25:00	11:00:00	AM	NA	3	NA	north	100	1	P_0005	0.4745	0.113942	0.491	1.353091	70	1540	16.5	82	1.69	28.4	5.9	2	NA	0.042921	1.5245275	NA	NA	NA	NA	NA	NA	NA
B0006_S6	15068	14011	92.99	13243	10196	67.67	9167	60.84	7/8/19	2019	Water	Pre	11:25:00	11:00:00	AM	NA	3	NA	north	100	2	NA	NA	NA	NA	NA	12	1584	18	280	1.75	46.2	6.7	2	NA	0.042921	1.5245275	NA	NA	NA	NA	NA	NA	NA
B0007_S7	20591	19546	94.92	18393	13373	64.95	11317	54.96	7/8/19	2019	Water	Pre	11:25:00	11:00:00	AM	NA	3	NA	north	100	3	NA	NA	NA	NA	NA	38	1390	19	138	2.58	34.4	7.1	2	NA	0.042921	1.5245275	NA	NA	NA	NA	NA	NA	NA
B0008_S8	15894	14875	93.59	14007	10250	64.49	8730	54.93	7/8/19	2019	Water	Pre	11:25:00	11:00:00	AM	NA	3	NA	north	100	4	P_0008	0.5525	-0.0281	0.4745	1.695964	67	1327	18	54	1.49	33.4	5.9	2	NA	0.042921	1.5245275	NA	NA	NA	NA	NA	NA	NA
B0009_S9	21271	19230	90.4	18142	12614	59.3	10527	49.49	7/8/19	2019	Water	Pre	14:40:00	14:00:00	PM	NA	4.5	NA	0	40	1	P_0009	0.447	0.168825	0.5525	0.417255	150	1594	18	NA	NA	NA	9.8	1	NA	0.1408965	1.3996265	NA	NA	NA	NA	NA	NA	NA
B0010_S10	14724	12930	87.82	12266	9251	62.83	7821	53.12	7/8/19	2019	Water	Pre	14:40:00	14:00:00	PM	NA	4.5	NA	0	40	2	NA	NA	NA	NA	NA	NA	1690	18	NA	NA	NA	7.6	2	NA	0.1408965	1.3996265	NA	NA	NA	NA	NA	NA	NA
B0011_S11	23546	22361	94.97	20901	14391	61.12	12016	51.03	7/8/19	2019	Water	Pre	14:40:00	14:00:00	PM	NA	4.5	NA	0	40	3	NA	NA	NA	NA	NA	NA	1581	19	NA	NA	NA	6.6	2	NA	0.1408965	1.3996265	NA	NA	NA	NA	NA	NA	NA
B0012_S12	12665	11907	94.02	11064	7090	55.98	6189	48.87	7/8/19	2019	Water	Pre	14:40:00	14:00:00	PM	NA	4.5	NA	0	40	4	P_0012	0.475	0.112968	0.447	2.381998	NA	1453	19	NA	NA	NA	6.3	2	NA	0.1408965	1.3996265	NA	NA	NA	NA	NA	NA	NA
B0013_S13	19678	18707	95.07	17484	12154	61.76	10132	51.49	7/8/19	2019	Water	Pre	17:40:00	17:00:00	PM	NA	5.5	NA	0	20	1	P_0013	0.447	0.168825	0.475	1.684874	75	1753	19	NA	NA	NA	5.9	2	NA	0.12083	2.033436	NA	NA	NA	NA	NA	NA	NA
B0014_S14	16884	15679	92.86	14797	11072	65.58	9059	53.65	7/8/19	2019	Water	Pre	17:40:00	17:00:00	PM	NA	5.5	NA	0	20	2	NA	NA	NA	NA	NA	20	1652	19	NA	NA	NA	8.5	2	NA	0.12083	2.033436	NA	NA	NA	NA	NA	NA	NA
B0015_S15	23267	22084	94.92	21069	15811	67.95	12587	54.1	7/8/19	2019	Water	Pre	17:40:00	17:00:00	PM	NA	5.5	NA	0	20	3	NA	NA	NA	NA	NA	65	1674	19	NA	NA	NA	9.7	2	NA	0.12083	2.033436	NA	NA	NA	NA	NA	NA	NA
B0016_S16	21335	20140	94.4	18997	13080	61.31	11402	53.44	7/8/19	2019	Water	Pre	17:40:00	17:00:00	PM	NA	5.5	NA	0	20	4	P_0016	0.496	0.072835	0.447	2.381998	50	1686	19	NA	NA	NA	5.1	2	NA	0.12083	2.033436	NA	NA	NA	NA	NA	NA	NA
B0017_S17	15493	14239	91.91	13651	11048	71.31	9062	58.49	7/9/19	2019	Water	Pre	8:00:00	8:00:00	AM	NA	2	NA	yes	0	1	P_0017	0.3935	0.283464	0.496	1.258068	185	1630	17	39	1.07	14.6	5.2	1.5	NA	0.2385385	2.7574325	NA	NA	NA	NA	NA	NA	NA
B0018_S18	8609	7815	90.78	7278	6598	76.64	6365	73.93	7/9/19	2019	Water	Pre	8:00:00	8:00:00	AM	NA	2	NA	yes	0	2	NA	NA	NA	NA	NA	35	1574	17	NA	NA	NA	9.2	2	NA	0.2385385	2.7574325	NA	NA	NA	NA	NA	NA	NA
B0019_S19	18268	17173	94.01	16099	11335	62.05	9422	51.58	7/9/19	2019	Water	Pre	8:00:00	8:00:00	AM	NA	2	NA	yes	0	3	NA	NA	NA	NA	NA	30	1596	18	NA	NA	NA	10	1.5	NA	0.2385385	2.7574325	NA	NA	NA	NA	NA	NA	NA
B0020_S20	11494	10878	94.64	10127	6977	60.7	5938	51.66	7/9/19	2019	Water	Pre	8:00:00	8:00:00	AM	NA	2	NA	yes	0	4	P_0018	0.435	0.193613	0.3935	4.256797	90	1567	17	142	0.95	11.2	4	2	NA	0.2385385	2.7574325	NA	NA	NA	NA	NA	NA	NA
B0021_S21	19665	18537	94.26	17653	13974	71.06	10749	54.66	7/9/19	2019	Water	Pre	11:00:00	11:00:00	AM	NA	2	NA	0	5	1	P_0019	0.4745	0.113942	0.435	2.733682	162	1465	23.3	48	1.09	7	7.2	1.5	NA	0.133768	2.214823	NA	NA	NA	NA	NA	NA	NA
B0022_S22	17355	16436	94.7	15432	10805	62.26	8829	50.87	7/9/19	2019	Water	Pre	11:00:00	11:00:00	AM	NA	2	NA	0	5	2	NA	NA	NA	NA	NA	20	1448	22.8	NA	NA	NA	7.5	1	NA	0.133768	2.214823	NA	NA	NA	NA	NA	NA	NA
B0023_S23	17232	16220	94.13	15076	10066	58.41	8512	49.4	7/9/19	2019	Water	Pre	11:00:00	11:00:00	AM	NA	2	NA	0	5	3	NA	NA	NA	NA	NA	18	1528	22.5	NA	NA	NA	10.4	2	NA	0.133768	2.214823	NA	NA	NA	NA	NA	NA	NA
B0024_S24	18867	17861	94.67	16813	12135	64.32	10335	54.78	7/9/19	2019	Water	Pre	11:00:00	11:00:00	AM	NA	2	NA	0	5	4	P_0020	0.4545	0.153594	0.4745	1.695964	22	1630	21.4	60	0.95	8.9	5.2	2	NA	0.133768	2.214823	NA	NA	NA	NA	NA	NA	NA
B0025_S25	15410	13579	88.12	12723	8603	55.83	7316	47.48	7/9/19	2019	Water	Pre	14:00:00	14:00:00	PM	NA	2.5	NA	0	10	1	P_0021	0.4185	0.228558	0.4545	2.179222	132	1672	19.9	42	1.3	10.9	6	0.5	NA	0.1530465	2.7284735	NA	NA	NA	NA	NA	NA	NA
B0026_S26	10944	8974	82	8340	5922	54.11	5089	46.5	7/9/19	2019	Water	Pre	14:00:00	14:00:00	PM	NA	2.5	NA	0	10	2	NA	NA	NA	NA	NA	25	1599	19.8	60	1.19	8.3	5.3	1	NA	0.1530465	2.7284735	NA	NA	NA	NA	NA	NA	NA
B0027_S27	8316	7718	92.81	7259	6497	78.13	6224	74.84	7/9/19	2019	Water	Pre	14:00:00	14:00:00	PM	NA	2.5	NA	0	10	3	NA	NA	NA	NA	NA	30	1603	20.2	99	1.02	10.2	9	1	NA	0.1530465	2.7284735	NA	NA	NA	NA	NA	NA	NA
B0028_S28	14558	13472	92.54	12718	8690	59.69	7388	50.75	7/9/19	2019	Water	Pre	14:00:00	14:00:00	PM	NA	2.5	NA	0	10	4	P_0022	0.4935	0.077535	0.4185	3.277725	127	1615	18.9	38	0.93	10.8	4	2	NA	0.1530465	2.7284735	NA	NA	NA	NA	NA	NA	NA
B0029_S29	12472	11656	93.46	10959	7893	63.29	6915	55.44	7/9/19	2019	Water	Pre	17:00:00	17:00:00	PM	NA	2.9	NA	yes	100	1	P_0023	0.4295	0.20515	0.4935	1.30509	130	1504	22.5	47	0.91	13.1	4.1	2.5	NA	0.189035	2.105981	NA	NA	NA	NA	NA	NA	NA
B0030_S30	13776	12727	92.39	12069	9009	65.4	8071	58.59	7/9/19	2019	Water	Pre	17:00:00	17:00:00	PM	NA	2.9	NA	yes	100	2	NA	NA	NA	NA	NA	55	1513	22	110	1.08	6.3	7.2	2.5	NA	0.189035	2.105981	NA	NA	NA	NA	NA	NA	NA
B0031_S31	15681	14607	93.15	13841	10466	66.74	9225	58.83	7/9/19	2019	Water	Pre	17:00:00	17:00:00	PM	NA	2.9	NA	yes	100	3	NA	NA	NA	NA	NA	34	1505	22.1	100	1.12	13.6	6.8	2	NA	0.189035	2.105981	NA	NA	NA	NA	NA	NA	NA
B0032_S32	13269	12257	92.37	11975	11320	85.31	10911	82.23	7/9/19	2019	Water	Pre	17:00:00	17:00:00	PM	NA	2.9	NA	yes	100	4	P_0024	0.445	0.17292	0.4295	2.906872	155	1594	21.5	90	1.23	9.2	3.1	1.5	NA	0.189035	2.105981	NA	NA	NA	NA	NA	NA	NA
B0033_S33	13334	12125	90.93	11203	8544	64.08	7851	58.88	7/10/19	2019	Water	Pre	8:00:00	8:00:00	AM	NA	1	W	0	100	1	P_0025	0.5035	0.058855	0.445	2.438223	350	1584	16.7	12	1.37	35	3.9	1	NA	0.0501315	1.7804515	NA	NA	NA	NA	NA	NA	NA
B0034_S34	11685	10730	91.83	10263	8810	75.4	8185	70.05	7/10/19	2019	Water	Pre	8:00:00	8:00:00	AM	NA	1	W	0	100	2	NA	NA	NA	NA	NA	110	1664	17.2	42	1.11	34.2	4.3	1.5	NA	0.0501315	1.7804515	NA	NA	NA	NA	NA	NA	NA
B0035_S35	6359	5853	92.04	5575	5008	78.75	4786	75.26	7/10/19	2019	Water	Pre	8:00:00	8:00:00	AM	NA	1	W	0	100	3	NA	NA	NA	NA	NA	200	1613	16.6	NA	1.01	24.8	4.7	1.5	NA	0.0501315	1.7804515	NA	NA	NA	NA	NA	NA	NA
B0036_S36	16627	15765	94.82	14788	10226	61.5	9120	54.85	7/10/19	2019	Water	Pre	8:00:00	8:00:00	AM	NA	1	W	0	100	4	P_0026	0.513	0.041408	0.5035	1.12268	165	1583	14.6	20	1.26	25.4	4.5	1.5	NA	0.0501315	1.7804515	NA	NA	NA	NA	NA	NA	NA
B0037_S37	11851	11243	94.87	10286	8204	69.23	7670	64.72	7/10/19	2019	Water	Pre	11:00:00	11:00:00	AM	NA	2	W	0	5	1	P_0027	0.5885	-0.08741	0.513	0.962779	300	1629	17.5	0	1.39	41.2	6.2	1	NA	-0.039137	0.5080445	NA	NA	NA	NA	NA	NA	NA
B0038_S38	18005	17114	95.05	15942	10890	60.48	9406	52.24	7/10/19	2019	Water	Pre	11:00:00	11:00:00	AM	NA	2	W	0	5	2	NA	NA	NA	NA	NA	210	1675	17.5	38	1.32	34.4	6.1	0	NA	-0.039137	0.5080445	NA	NA	NA	NA	NA	NA	NA
B0039_S39	20216	19061	94.29	17789	12379	61.23	10483	51.85	7/10/19	2019	Water	Pre	11:00:00	11:00:00	AM	NA	2	W	0	5	3	NA	NA	NA	NA	NA	170	1567	17.7	16	1.17	35.2	5.5	0.5	NA	-0.039137	0.5080445	NA	NA	NA	NA	NA	NA	NA
B0040_S40	15795	14056	88.99	13112	9813	62.13	8697	55.06	7/10/19	2019	Water	Pre	11:00:00	11:00:00	AM	NA	2	W	0	5	4	P_0028	0.531	0.009136	0.5885	0.05331	300	1823	16.7	5	0.99	33.4	5.3	0	NA	-0.039137	0.5080445	NA	NA	NA	NA	NA	NA	NA
B0041_S41	37	8	21.62	2	0	0	0	0	7/10/19	2019	Water	Pre	14:00:00	14:00:00	PM	NA	3	WNW	0	0	1	P_0029	0.552	-0.02725	0.531	0.692097	480	1595	20.2	0	1.26	46	7.7	1	NA	0.007079	0.557603	NA	NA	NA	NA	NA	NA	NA
B0042_S42	18135	17149	94.56	15992	10873	59.96	9308	51.33	7/10/19	2019	Water	Pre	14:00:00	14:00:00	PM	NA	3	WNW	0	0	2	NA	NA	NA	NA	NA	160	1543	19.8	36	1.29	32.4	4.7	1	NA	0.007079	0.557603	NA	NA	NA	NA	NA	NA	NA
B0043_S43	9403	8873	94.36	8363	7302	77.66	7014	74.59	7/10/19	2019	Water	Pre	14:00:00	14:00:00	PM	NA	3	WNW	0	0	3	NA	NA	NA	NA	NA	140	1457	19	12	0.96	31.4	4.5	0	NA	0.007079	0.557603	NA	NA	NA	NA	NA	NA	NA
B0044_S44	5127	4828	94.17	4634	4315	84.16	4176	81.45	7/10/19	2019	Water	Pre	14:00:00	14:00:00	PM	NA	3	WNW	0	0	4	P_0030	0.513	0.041408	0.552	0.423109	360	1570	16.7	10	1.11	40.2	5.7	0	NA	0.007079	0.557603	NA	NA	NA	NA	NA	NA	NA
B0045_S45	14363	13626	94.87	12475	9198	64.04	8268	57.56	7/10/19	2019	Water	Pre	17:00:00	17:00:00	PM	NA	4.2	W	0	0	1	P_0031	0.5735	-0.06315	0.513	0.962779	360	1814	20.4	0	0.45	48.4	8.7	2	NA	-0.0026105	0.5773685	NA	NA	NA	NA	NA	NA	NA
B0046_S46	11232	10581	94.2	10106	9369	83.41	9050	80.57	7/10/19	2019	Water	Pre	17:00:00	17:00:00	PM	NA	4.2	W	0	0	2	NA	NA	NA	NA	NA	125	1691	21.8	74	1.1	42.6	5.3	1	NA	-0.0026105	0.5773685	NA	NA	NA	NA	NA	NA	NA
B0047_S47	13848	13197	95.3	12391	8121	58.64	7038	50.82	7/10/19	2019	Water	Pre	17:00:00	17:00:00	PM	NA	4.2	W	0	0	3	NA	NA	NA	NA	NA	180	1583	23.7	17	1.15	31.4	5.5	1	NA	-0.0026105	0.5773685	NA	NA	NA	NA	NA	NA	NA
B0048_S48	18400	16411	89.19	15467	11418	62.05	9809	53.31	7/10/19	2019	Water	Pre	17:00:00	17:00:00	PM	NA	4.2	W	0	0	4	P_0032	0.504	0.057929	0.5735	0.191958	300	1552	19.1	9	1.13	37.2	6.2	0	NA	-0.0026105	0.5773685	NA	NA	NA	NA	NA	NA	NA
B0049_S49	8432	7506	89.02	6823	4627	54.87	4084	48.43	7/11/19	2019	Water	Pre	8:00:00	8:00:00	AM	NA	2.6	W	0	10	1	P_0033	0.569	-0.05575	0.504	1.113948	300	1882	17.5	6	1.17	35.8	11.8	1	NA	-0.0255085	0.675478	NA	NA	NA	NA	NA	NA	NA
B0050_S50	11082	10474	94.51	9768	6519	58.83	5766	52.03	7/11/19	2019	Water	Pre	8:00:00	8:00:00	AM	NA	2.6	W	0	10	2	NA	NA	NA	NA	NA	120	3770	18.3	85	1.07	40.6	12.5	2	NA	-0.0255085	0.675478	NA	NA	NA	NA	NA	NA	NA
B0051_S51	10908	10224	93.73	9471	6065	55.6	5293	48.52	7/11/19	2019	Water	Pre	8:00:00	8:00:00	AM	NA	2.6	W	0	10	3	NA	NA	NA	NA	NA	92	1702	19.3	16	1.54	40.2	8.1	1	NA	-0.0255085	0.675478	NA	NA	NA	NA	NA	NA	NA
B0052_S52	12285	11555	94.06	10817	7170	58.36	6247	50.85	7/11/19	2019	Water	Pre	8:00:00	8:00:00	AM	NA	2.6	W	0	10	4	P_0034	0.5335	0.004733	0.569	0.237008	50	3440	18.3	13	1.19	31	8.1	1	NA	-0.0255085	0.675478	NA	NA	NA	NA	NA	NA	NA
B0053_S53	17302	16337	94.42	15327	10042	58.04	8602	49.72	7/11/19	2019	Water	Pre	11:22:00	11:00:00	AM	NA	4.6	W	0	0	1	P_0035	0.514	0.039588	0.5335	0.65758	145	4843	NA	23	1.11	26.2	9.7	0	NA	0.027904	0.802122	NA	NA	NA	NA	NA	NA	NA
B0054_S54	17378	16331	93.98	15229	9649	55.52	8390	48.28	7/11/19	2019	Water	Pre	11:22:00	11:00:00	AM	NA	4.6	W	0	0	2	NA	NA	NA	NA	NA	150	1652	NA	30	1.11	36	8.3	0	NA	0.027904	0.802122	NA	NA	NA	NA	NA	NA	NA
B0055_S55	13961	13003	93.14	11810	6705	48.03	5483	39.27	7/11/19	2019	Water	Pre	11:22:00	11:00:00	AM	NA	4.6	W	0	0	3	NA	NA	NA	NA	NA	125	4206	NA	24	1.17	35.8	8.7	0	NA	0.027904	0.802122	NA	NA	NA	NA	NA	NA	NA
B0056_S56	3205	2827	88.21	2599	2132	66.52	2012	62.78	7/11/19	2019	Water	Pre	11:22:00	11:00:00	AM	NA	4.6	W	0	0	4	P_0036	0.527	0.01622	0.514	0.946664	120	3902	NA	30	1.35	36.2	4.6	0	NA	0.027904	0.802122	NA	NA	NA	NA	NA	NA	NA
B0057_S57	35	16	45.71	1	1	2.86	1	2.86	7/11/19	2019	Water	Pre	14:25:00	14:00:00	PM	NA	3.9	W	0	0	1	P_0037	0.556	-0.03403	0.527	0.748826	130	4938	20.3	19	1.15	43.4	9.3	1	NA	-0.01989	0.562886	NA	NA	NA	NA	NA	NA	NA
B0058_S58	79431	74662	94	72100	53278	67.07	40457	50.93	7/11/19	2019	Water	Pre	14:25:00	14:00:00	PM	NA	3.9	W	0	0	2	NA	NA	NA	NA	NA	110	3788	20.4	54	1.06	34.2	5.5	0	NA	-0.01989	0.562886	NA	NA	NA	NA	NA	NA	NA
B0059_S59	14546	13589	93.42	12260	6597	45.35	5203	35.77	7/11/19	2019	Water	Pre	14:25:00	14:00:00	PM	NA	3.9	W	0	0	3	NA	NA	NA	NA	NA	90	2833	20.3	45	1.09	33.6	10.1	0	NA	-0.01989	0.562886	NA	NA	NA	NA	NA	NA	NA
B0060_S60	14046	13269	94.47	12494	8269	58.87	7117	50.67	7/11/19	2019	Water	Pre	14:25:00	14:00:00	PM	NA	3.9	W	0	0	4	P_0038	0.5395	-0.00575	0.556	0.376946	98	1470	18.6	45	1.18	40	NA	0	NA	-0.01989	0.562886	NA	NA	NA	NA	NA	NA	NA
B0061_S61	11920	11106	93.17	10322	6754	56.66	5894	49.45	7/11/19	2019	Water	Pre	17:10:00	17:00:00	PM	NA	4	W	3	10	1	P_0039	0.494	0.076594	0.5395	0.577584	165	1864	22.2	23	0.79	39.6	4.7	1	NA	0.048633	0.936596	NA	NA	NA	NA	NA	NA	NA
B0062_S62	5092	4762	93.52	4439	3322	65.24	3062	60.13	7/11/19	2019	Water	Pre	17:10:00	17:00:00	PM	NA	4	W	3	10	2	NA	NA	NA	NA	NA	80	1754	22.4	87	0.98	33.8	7.8	1	NA	0.048633	0.936596	NA	NA	NA	NA	NA	NA	NA
B0063_S63	43536	38984	89.54	37369	29928	68.74	26279	60.36	7/11/19	2019	Water	Pre	17:10:00	17:00:00	PM	NA	4	W	3	10	3	NA	NA	NA	NA	NA	40	1621	22.3	138	1.12	35.4	7.8	0	NA	0.048633	0.936596	NA	NA	NA	NA	NA	NA	NA
B0064_S64	3089	2625	84.98	2302	1658	53.67	1504	48.69	7/11/19	2019	Water	Pre	17:10:00	17:00:00	PM	NA	4	W	3	10	4	P_0040	0.5245	0.020672	0.494	1.295608	110	1685	20	32	1.55	37.4	4	0	NA	0.048633	0.936596	NA	NA	NA	NA	NA	NA	NA
B0065_S65	8574	8065	94.06	7432	5737	66.91	5264	61.39	7/12/19	2019	Water	Pre	8:04:00	8:00:00	AM	NA	0	NA	0	100	1	P_0041	0.371	0.334975	0.5245	0.785244	105	1545	18.9	27	1.11	23.6	1.9	2	NA	0.223485	3.056711	NA	NA	NA	NA	NA	NA	NA
B0066_S66	11293	10533	93.27	9871	7056	62.48	6102	54.03	7/12/19	2019	Water	Pre	8:04:00	8:00:00	AM	NA	0	NA	0	100	2	NA	NA	NA	NA	NA	115	1598	19.1	62	0.45	29	5	2	NA	0.223485	3.056711	NA	NA	NA	NA	NA	NA	NA
B0067_S67	11742	11071	94.29	10329	7734	65.87	6981	59.45	7/12/19	2019	Water	Pre	8:04:00	8:00:00	AM	NA	0	NA	0	100	3	NA	NA	NA	NA	NA	70	1552	18.9	75	1.03	33	4.1	2	NA	0.223485	3.056711	NA	NA	NA	NA	NA	NA	NA
B0068_S68	3801	3511	92.37	3236	2772	72.93	2670	70.24	7/12/19	2019	Water	Pre	8:04:00	8:00:00	AM	NA	0	NA	0	100	4	P_0042	0.4755	0.111995	0.371	5.328178	78	2475	18.1	39	1.13	31.4	2.8	2.5	NA	0.223485	3.056711	NA	NA	NA	NA	NA	NA	NA
B0069_S69	13050	12328	94.47	11506	8329	63.82	7247	55.53	7/12/19	2019	Water	Pre	11:00:00	11:00:00	AM	NA	2.8	W	0	60	1	P_0043	0.4065	0.254614	0.4755	1.67383	145	3563	20.8	23	0.91	43.4	4.3	2	NA	0.168909	2.6981915	NA	NA	NA	NA	NA	NA	NA
B0070_S70	13795	12835	93.04	11854	7746	56.15	6592	47.79	7/12/19	2019	Water	Pre	11:00:00	11:00:00	AM	NA	2.8	W	0	60	2	NA	NA	NA	NA	NA	60	1669	22.8	64	0.89	40	4.6	2.5	NA	0.168909	2.6981915	NA	NA	NA	NA	NA	NA	NA
B0071_S71	9136	7734	84.65	7125	5107	55.9	4593	50.27	7/12/19	2019	Water	Pre	11:00:00	11:00:00	AM	NA	2.8	W	0	60	3	NA	NA	NA	NA	NA	40	4971	20	176	1	22	8.9	2.5	NA	0.168909	2.6981915	NA	NA	NA	NA	NA	NA	NA
B0072_S72	8247	7010	85	6472	4515	54.75	4107	49.8	7/12/19	2019	Water	Pre	11:00:00	11:00:00	AM	NA	2.8	W	0	60	4	P_0044	0.4905	0.083204	0.4065	3.722553	70	4870	19.7	65	0.92	23.2	4.1	2.5	NA	0.168909	2.6981915	NA	NA	NA	NA	NA	NA	NA
B0073_S73	8905	8423	94.59	7775	6050	67.94	5597	62.85	7/12/19	2019	Water	Pre	14:09:00	14:00:00	PM	NA	4.1	W	0	40	1	P_0045	0.473	0.116868	0.4905	1.36281	160	5257	22.3	94	0.89	25.2	3.4	1.5	NA	0.213776	1.54616	NA	NA	NA	NA	NA	NA	NA
B0074_S74	8719	8146	93.43	7570	5464	62.67	4834	55.44	7/12/19	2019	Water	Pre	14:09:00	14:00:00	PM	NA	4.1	W	0	40	2	NA	NA	NA	NA	NA	73	2882	22.1	44	0.44	25.4	11	2	NA	0.213776	1.54616	NA	NA	NA	NA	NA	NA	NA
B0075_S75	11263	10668	94.72	9967	7473	66.35	6673	59.25	7/12/19	2019	Water	Pre	14:09:00	14:00:00	PM	NA	4.1	W	0	40	3	NA	NA	NA	NA	NA	53	1826	21.2	60	0.88	22	7.5	0	NA	0.213776	1.54616	NA	NA	NA	NA	NA	NA	NA
B0076_S76	9086	8457	93.08	7874	6042	66.5	5629	61.95	7/12/19	2019	Water	Pre	14:09:00	14:00:00	PM	NA	4.1	W	0	40	4	P_0046	0.3815	0.310684	0.473	1.72951	90	1787	18.8	57	0.82	23.2	3.8	0	NA	0.213776	1.54616	NA	NA	NA	NA	NA	NA	NA
B0077_S77	9731	9212	94.67	8697	7609	78.19	7221	74.21	7/12/19	2019	Water	Pre	17:04:00	17:00:00	PM	NA	3.2	W	5	95	1	P_0047	0.4175	0.230709	0.3815	4.803436	125	2075	22.6	29	1.03	26.4	3.5	3	NA	0.2080005	4.058286	NA	NA	NA	NA	NA	NA	NA
B0078_S78	10581	9918	93.73	9257	6824	64.49	5936	56.1	7/12/19	2019	Water	Pre	17:04:00	17:00:00	PM	NA	3.2	W	5	95	2	NA	NA	NA	NA	NA	65	1848	22.9	75	0.97	27.6	4	3	NA	0.2080005	4.058286	NA	NA	NA	NA	NA	NA	NA
B0079_S79	13370	10807	80.83	9929	7162	53.57	6364	47.6	7/12/19	2019	Water	Pre	17:04:00	17:00:00	PM	NA	3.2	W	5	95	3	NA	NA	NA	NA	NA	45	2509	21.7	159	0.92	22	6.3	2	NA	0.2080005	4.058286	NA	NA	NA	NA	NA	NA	NA
B0080_S80	8361	6715	80.31	6103	4551	54.43	4157	49.72	7/12/19	2019	Water	Pre	17:04:00	17:00:00	PM	NA	3.2	W	5	95	4	P_0048	0.439	0.185292	0.4175	3.313136	40	1499	22.4	122	0.9	24.6	4.2	2	NA	0.2080005	4.058286	NA	NA	NA	NA	NA	NA	NA
B0081_S1	14340	12614	87.96	11645	7658	53.4	6527	45.52	7/15/19	2019	Water	Pre	8:00:00	8:00:00	AM	0	1.1	W	0	0	1	P_0049	0.275	0.371359	0.851	0.384306	210	4360	17.4	30	0.79	18.8	6.4	1	NA	0.1849745	0.3424165	NA	NA	NA	NA	NA	NA	NA
B0082_S2	13849	11850	85.57	10906	6475	46.75	5325	38.45	7/15/19	2019	Water	Pre	8:00:00	8:00:00	AM	0	1.1	W	0	0	2	NA	NA	NA	NA	NA	110	3383	17.2	96	1.03	26.6	4.6	2	NA	0.1849745	0.3424165	NA	NA	NA	NA	NA	NA	NA
B0083_S3	21407	19141	89.41	17659	11042	51.58	9104	42.53	7/15/19	2019	Water	Pre	8:00:00	8:00:00	AM	0	1.1	W	0	0	3	NA	NA	NA	NA	NA	50	2868	17.8	201	0.67	21.8	5.5	2	NA	0.1849745	0.3424165	NA	NA	NA	NA	NA	NA	NA
B0084_S4	1565	1260	80.51	1079	821	52.46	757	48.37	7/15/19	2019	Water	Pre	8:00:00	8:00:00	AM	0	1.1	W	0	0	4	P_0050	0.4095	-0.00141	0.862	0.300527	100	1585	17.6	77	0.9	23.4	4.1	2	NA	0.1849745	0.3424165	NA	NA	NA	NA	NA	NA	NA
B0085_S5	17698	15710	88.77	14633	9217	52.08	7771	43.91	7/15/19	2019	Water	Pre	11:00:00	11:00:00	AM	0	3.2	W	0	0	1	P_0051	0.1105	1.021366	0.9	0.048233	130	1594	18.7	42	1.13	20.8	7.2	2.5	NA	0.5665365	0.049722	NA	NA	NA	NA	NA	NA	NA
B0086_S6	13125	11322	86.26	10571	6277	47.82	5332	40.62	7/15/19	2019	Water	Pre	11:00:00	11:00:00	AM	0	3.2	W	0	0	2	NA	NA	NA	NA	NA	75	2133	18.9	91	0.67	22.4	4.1	0	NA	0.5665365	0.049722	NA	NA	NA	NA	NA	NA	NA
B0087_S7	20219	18178	89.91	17087	11906	58.89	9854	48.74	7/15/19	2019	Water	Pre	11:00:00	11:00:00	AM	0	3.2	W	0	0	3	NA	NA	NA	NA	NA	40	5059	19.3	202	0.71	17.6	6.2	1	NA	0.5665365	0.049722	NA	NA	NA	NA	NA	NA	NA
B0088_S8	15248	13032	85.47	12178	7790	51.09	6571	43.09	7/15/19	2019	Water	Pre	11:00:00	11:00:00	AM	0	3.2	W	0	0	4	P_0052	0.364	0.111707	0.8995	0.051211	70	4590	18.6	88	0.91	17.6	3.5	0	NA	0.5665365	0.049722	NA	NA	NA	NA	NA	NA	NA
B0089_S9	15587	14103	90.48	13089	9122	58.52	8027	51.5	7/15/19	2019	Water	Pre	14:00:00	14:00:00	PM	0	3.8	SW	0	0	1	P_0053	0.297	0.302018	0.9545	-0.23064	110	1726	23.5	49	0.32	17.2	6.7	0	NA	0.150304	-0.127095	NA	NA	NA	NA	NA	NA	NA
B0090_S10	12949	11235	86.76	10378	6541	50.51	5576	43.06	7/15/19	2019	Water	Pre	14:00:00	14:00:00	PM	0	3.8	SW	0	0	2	NA	NA	NA	NA	NA	45	1653	24.3	83	0.77	19.6	6.4	0	NA	0.150304	-0.127095	NA	NA	NA	NA	NA	NA	NA
B0091_S11	16011	14317	89.42	13194	8471	52.91	7121	44.48	7/15/19	2019	Water	Pre	14:00:00	14:00:00	PM	0	3.8	SW	0	0	3	NA	NA	NA	NA	NA	30	3550	22.3	143	0.7	19.8	8.7	0	NA	0.150304	-0.127095	NA	NA	NA	NA	NA	NA	NA
B0092_S12	59509	52796	88.72	51005	38325	64.4	28113	47.24	7/15/19	2019	Water	Pre	14:00:00	14:00:00	PM	0	3.8	SW	0	0	4	P_0054	0.4095	-0.00141	0.9125	-0.02355	75	3841	21.5	55	0.89	22.2	5.1	0	NA	0.150304	-0.127095	NA	NA	NA	NA	NA	NA	NA
B0093_S13	26801	23200	86.56	21586	14557	54.32	12894	48.11	7/15/19	2019	Water	Pre	17:00:00	17:00:00	PM	0	3.3	SW	0	0	1	P_0055	0.321	0.230366	0.9185	-0.05625	100	1726	26.1	56	1.77	24.8	5.8	0	NA	0.191053	-0.037125	NA	NA	NA	NA	NA	NA	NA
B0094_S14	24589	21035	85.55	19761	12385	50.37	10109	41.11	7/15/19	2019	Water	Pre	17:00:00	17:00:00	PM	0	3.3	SW	0	0	2	NA	NA	NA	NA	NA	85	1679	27.2	59	0.86	32.2	4.9	0	NA	0.191053	-0.037125	NA	NA	NA	NA	NA	NA	NA
B0095_S15	14771	13025	88.18	11915	7131	48.28	6159	41.7	7/15/19	2019	Water	Pre	17:00:00	17:00:00	PM	0	3.3	SW	0	0	3	NA	NA	NA	NA	NA	35	1618	24.9	206	0.84	19.6	14.2	0	NA	0.191053	-0.037125	NA	NA	NA	NA	NA	NA	NA
B0096_S16	14176	12448	87.81	11646	7937	55.99	6735	47.51	7/15/19	2019	Water	Pre	17:00:00	17:00:00	PM	0	3.3	SW	0	0	4	P_0056	0.349	0.15174	0.9115	-0.018	70	1022	24.3	75	1.26	26	4.2	0	NA	0.191053	-0.037125	NA	NA	NA	NA	NA	NA	NA
B0097_S17	14389	12628	87.76	11522	6623	46.03	5770	40.1	7/16/19	2019	Water	Pre	8:00:00	8:00:00	AM	0	2.9	W	0	95	1	P_0057	0.2685	0.392544	0.9095	-0.00679	94	3781	18.6	117	1.02	17	7.3	2	NA	0.184502	-0.07492	NA	NA	NA	NA	NA	NA	NA
B0098_S18	5792	4999	86.31	4491	2909	50.22	2561	44.22	7/16/19	2019	Water	Pre	8:00:00	8:00:00	AM	0	2.9	W	0	95	2	NA	NA	NA	NA	NA	70	1710	19.7	85	0.86	9.4	4.8	2.5	NA	0.184502	-0.07492	NA	NA	NA	NA	NA	NA	NA
B0099_S19	16713	14636	87.57	13429	8050	48.17	6879	41.16	7/16/19	2019	Water	Pre	8:00:00	8:00:00	AM	0	2.9	W	0	95	3	NA	NA	NA	NA	NA	40	4196	20.4	228	1.37	9.4	7.1	3	NA	0.184502	-0.07492	NA	NA	NA	NA	NA	NA	NA
B0100_S20	21134	18834	89.12	17470	10723	50.74	9247	43.75	7/16/19	2019	Water	Pre	8:00:00	8:00:00	AM	0	2.9	W	0	95	4	P_0058	0.419	-0.02354	0.9355	-0.14305	80	1444	18.7	94	0.88	12	6	3	NA	0.184502	-0.07492	NA	NA	NA	NA	NA	NA	NA
B0101_S21	15386	13074	84.97	11915	8546	55.54	7761	50.44	7/16/19	2019	Water	Pre	11:00:00	11:00:00	AM	0	2.6	W	0	100	1	P_0059	0.358	0.12755	0.894	0.084542	68	1585	18.9	149	0.73	11.6	7.2	2	NA	0.1362595	0.0619445	NA	NA	NA	NA	NA	NA	NA
B0102_S22	15621	13132	84.07	12073	7312	46.81	6312	40.41	7/16/19	2019	Water	Pre	11:00:00	11:00:00	AM	0	2.6	W	0	100	2	NA	NA	NA	NA	NA	77	1630	20.3	74	0.91	12.8	4.1	2	NA	0.1362595	0.0619445	NA	NA	NA	NA	NA	NA	NA
B0103_S23	17194	15128	87.98	13987	9246	53.77	7486	43.54	7/16/19	2019	Water	Pre	11:00:00	11:00:00	AM	0	2.6	W	0	100	3	NA	NA	NA	NA	NA	35	1610	20.8	186	0.92	5	8.2	2.5	NA	0.1362595	0.0619445	NA	NA	NA	NA	NA	NA	NA
B0104_S24	17475	14793	84.65	13966	9868	56.47	7972	45.62	7/16/19	2019	Water	Pre	11:00:00	11:00:00	AM	0	2.6	W	0	100	4	P_0060	0.3515	0.144969	0.9015	0.039347	92	1620	20	67	0.71	7.2	4.8	3	NA	0.1362595	0.0619445	NA	NA	NA	NA	NA	NA	NA
B0105_S25	16903	14972	88.58	13787	8635	51.09	7507	44.41	7/16/19	2019	Water	Pre	14:00:00	14:00:00	PM	0	3.9	W	0	0	1	P_0061	0.3135	0.252323	0.876	0.201192	58	1631	21.9	56	0.94	11	5.1	2	NA	0.172269	0.174533	NA	NA	NA	NA	NA	NA	NA
B0106_S26	19093	16338	85.57	15174	10093	52.86	8492	44.48	7/16/19	2019	Water	Pre	14:00:00	14:00:00	PM	0	3.9	W	0	0	2	NA	NA	NA	NA	NA	50	1675	23.4	55	0.78	7.2	8.3	2	NA	0.172269	0.174533	NA	NA	NA	NA	NA	NA	NA
B0107_S27	20547	17935	87.29	16553	9890	48.13	8373	40.75	7/16/19	2019	Water	Pre	14:00:00	14:00:00	PM	0	3.9	W	0	0	3	NA	NA	NA	NA	NA	31	1725	23.1	72	0.91	7.2	6.9	1	NA	0.172269	0.174533	NA	NA	NA	NA	NA	NA	NA
B0108_S28	11176	9439	84.46	8710	5443	48.7	4802	42.97	7/16/19	2019	Water	Pre	14:00:00	14:00:00	PM	0	3.9	W	0	0	4	P_0062	0.3715	0.092215	0.884	0.147874	70	1576	22.2	94	0.8	8.4	3.8	2	NA	0.172269	0.174533	NA	NA	NA	NA	NA	NA	NA
B0109_S29	15639	13984	89.42	12777	7653	48.94	6385	40.83	7/16/19	2019	Water	Pre	17:00:00	17:00:00	PM	0	3.5	SW	0	5	1	P_0063	0.3415	0.172294	1.004	-0.41907	65	1607	23.5	43	1.1	30.4	7.1	1	NA	0.161338	-0.482615	NA	NA	NA	NA	NA	NA	NA
B0110_S30	190	162	85.26	107	67	35.26	52	27.37	7/16/19	2019	Water	Pre	17:00:00	17:00:00	PM	0	3.5	SW	0	5	2	NA	NA	NA	NA	NA	35	1543	26	92	0.87	10.4	6.2	1	NA	0.161338	-0.482615	NA	NA	NA	NA	NA	NA	NA
B0112_S32	19395	17585	90.67	16648	11159	57.54	8912	45.95	7/16/19	2019	Water	Pre	17:00:00	17:00:00	PM	0	3.5	SW	0	5	4	P_0064	0.3495	0.150382	1.0475	-0.54616	70	1622	23.2	59	0.79	12	5	0	NA	0.161338	-0.482615	NA	NA	NA	NA	NA	NA	NA
B0113_S33	19102	17089	89.46	15792	9741	50.99	8263	43.26	7/17/19	2019	Water	Pre	8:00:00	8:00:00	AM	0	1	W	0	100	1	P_0065	0.3	0.292838	1.024	-0.48141	95	1572	18.5	87	1.77	5.6	5.1	2.5	NA	0.164302	-0.337015	NA	NA	NA	NA	NA	NA	NA
B0114_S34	22223	20051	90.23	18956	13415	60.37	10406	46.83	7/17/19	2019	Water	Pre	8:00:00	8:00:00	AM	0	1	W	0	100	2	NA	NA	NA	NA	NA	64	1400	20	143	1.04	3	NA	3	NA	0.164302	-0.337015	NA	NA	NA	NA	NA	NA	NA
B0115_S35	18228	16240	89.09	14786	8516	46.72	7328	40.2	7/17/19	2019	Water	Pre	8:00:00	8:00:00	AM	0	1	W	0	100	3	NA	NA	NA	NA	NA	25	1195	19.6	346	0.86	2.2	NA	3	NA	0.164302	-0.337015	NA	NA	NA	NA	NA	NA	NA
B0116_S36	18046	15938	88.32	14938	9789	54.24	7567	41.93	7/17/19	2019	Water	Pre	8:00:00	8:00:00	AM	0	1	W	0	100	4	P_0066	0.394	0.035766	0.946	-0.19262	140	1612	20.5	53	0.99	3.8	3	3.5	NA	0.164302	-0.337015	NA	NA	NA	NA	NA	NA	NA
B0117_S37	22646	20088	88.7	18531	10989	48.53	9135	40.34	7/17/19	2019	Water	Pre	11:00:00	11:00:00	AM	0	1.6	W	0	10	1	P_0067	0.3215	0.228916	1.0185	-0.46497	44	3424	21.4	129	0.97	3.4	3.5	2	NA	0.2376725	-0.497705	NA	NA	NA	NA	NA	NA	NA
B0118_S38	15059	13591	90.25	12452	7332	48.69	6137	40.75	7/17/19	2019	Water	Pre	11:00:00	11:00:00	AM	0	1.6	W	0	10	2	NA	NA	NA	NA	NA	40	1420	22.2	137	0.76	2.8	4	2	NA	0.2376725	-0.497705	NA	NA	NA	NA	NA	NA	NA
B0119_S39	17180	15358	89.39	13990	8915	51.89	7436	43.28	7/17/19	2019	Water	Pre	11:00:00	11:00:00	AM	0	1.6	W	0	10	3	NA	NA	NA	NA	NA	25	1558	21.8	266	0.84	1.8	9.8	2	NA	0.2376725	-0.497705	NA	NA	NA	NA	NA	NA	NA
B0120_S40	17984	16237	90.29	15286	10423	57.96	8959	49.82	7/17/19	2019	Water	Pre	11:00:00	11:00:00	AM	0	1.6	W	0	10	4	P_0068	0.3155	0.246429	1.0415	-0.53044	46	1377	21.7	104	0.88	0.2	4.9	2	NA	0.2376725	-0.497705	NA	NA	NA	NA	NA	NA	NA
B0121_S41	11950	10541	88.21	9791	7149	59.82	5635	47.15	7/17/19	2019	Water	Pre	14:00:00	14:00:00	PM	0	5.7	W	0	15	1	P_0069	0.2855	0.337815	0.9975	-0.39724	115	1521	23.3	42	1.25	1.7	6	2	NA	0.235348	-0.2006	NA	NA	NA	NA	NA	NA	NA
B0122_S42	16338	14588	89.29	13672	9791	59.93	6843	41.88	7/17/19	2019	Water	Pre	14:00:00	14:00:00	PM	0	5.7	W	0	15	2	NA	NA	NA	NA	NA	45	1342	23.4	87	1.16	1.8	6.2	2	NA	0.235348	-0.2006	NA	NA	NA	NA	NA	NA	NA
B0123_S43	18922	17052	90.12	15878	11624	61.43	9940	52.53	7/17/19	2019	Water	Pre	14:00:00	14:00:00	PM	0	5.7	W	0	15	3	NA	NA	NA	NA	NA	25	1517	23.1	197	1.1	1.1	12.5	1	NA	0.235348	-0.2006	NA	NA	NA	NA	NA	NA	NA
B0124_S44	13373	12021	89.89	11281	7951	59.46	5807	43.42	7/17/19	2019	Water	Pre	14:00:00	14:00:00	PM	0	5.7	W	0	15	4	P_0070	0.356	0.132881	0.909	-0.00396	80	1503	22.2	52	1.03	3.4	5.9	1	NA	0.235348	-0.2006	NA	NA	NA	NA	NA	NA	NA
B0125_S45	13999	12311	87.94	11391	6799	48.57	5942	42.45	7/17/19	2019	Water	Pre	17:00:00	17:00:00	PM	0	3	W	0	90	1	P_0071	0.3015	0.288272	1.0725	-0.60619	85	1551	23.5	81	1.14	7.5	5.5	2	NA	0.2549815	-0.65651	NA	NA	NA	NA	NA	NA	NA
B0126_S46	18362	16281	88.67	15168	10098	54.99	8038	43.78	7/17/19	2019	Water	Pre	17:00:00	17:00:00	PM	0	3	W	0	90	2	NA	NA	NA	NA	NA	88	1553	23.9	146	0.86	1.4	5.2	1	NA	0.2549815	-0.65651	NA	NA	NA	NA	NA	NA	NA
B0127_S47	20471	18154	88.68	16856	11641	56.87	9704	47.4	7/17/19	2019	Water	Pre	17:00:00	17:00:00	PM	0	3	W	0	90	3	NA	NA	NA	NA	NA	65	1516	24.4	50	0.76	0.4	13.8	2	NA	0.2549815	-0.65651	NA	NA	NA	NA	NA	NA	NA
B0128_S48	14098	12157	86.23	11437	7953	56.41	6579	46.67	7/17/19	2019	Water	Pre	17:00:00	17:00:00	PM	0	3	W	0	90	4	P_0072	0.324	0.221691	1.1245	-0.70683	40	1548	21.9	62	1.59	0.2	3.5	1	NA	0.2549815	-0.65651	NA	NA	NA	NA	NA	NA	NA
B0129_S49	13157	11592	88.11	10530	5847	44.44	5020	38.15	7/18/19	2019	Water	Pre	8:00:00	8:00:00	AM	200	0	NA	0	100	1	P_0073	0.285	0.339394	0.923	-0.08004	90	1632	21	57	1.51	3	5.5	2	7.4	0.1809055	0.0371835	NA	NA	NA	NA	NA	NA	NA
B0130_S50	23000	20346	88.46	18814	11565	50.28	8597	37.38	7/18/19	2019	Water	Pre	8:00:00	8:00:00	AM	200	0	NA	0	100	2	NA	NA	NA	NA	NA	54	1721	22.8	121	1.92	1.6	7.1	2	7.3	0.1809055	0.0371835	NA	NA	NA	NA	NA	NA	NA
B0131_S51	27059	24147	89.24	22256	13396	49.51	11376	42.04	7/18/19	2019	Water	Pre	8:00:00	8:00:00	AM	200	0	NA	0	100	3	NA	NA	NA	NA	NA	24	2894	23	385	1.1	3.6	NA	2.5	7.3	0.1809055	0.0371835	NA	NA	NA	NA	NA	NA	NA
B0132_S52	19651	17424	88.67	16103	9353	47.6	7880	40.1	7/18/19	2019	Water	Pre	8:00:00	8:00:00	AM	200	0	NA	0	100	4	P_0074	0.3995	0.022417	0.883	0.154407	70	1584	22.3	94	0.31	2	4.1	2	7.3	0.1809055	0.0371835	NA	NA	NA	NA	NA	NA	NA
B0133_S53	16593	14674	88.43	13495	8073	48.65	6782	40.87	7/18/19	2019	Water	Pre	11:14:00	11:00:00	AM	200	1.8	W	0	60	1	P_0075	0.349	0.15174	0.866	0.271336	50	1559	18.5	102	1.29	1.4	NA	1.5	7.4	0.1917785	-0.005997	NA	NA	NA	NA	NA	NA	NA
B0134_S54	19022	16621	87.38	15300	10016	52.65	8305	43.66	7/18/19	2019	Water	Pre	11:14:00	11:00:00	AM	200	1.8	W	0	60	2	NA	NA	NA	NA	NA	45	1630	20.8	65	1.06	2.8	NA	1	7.8	0.1917785	-0.005997	NA	NA	NA	NA	NA	NA	NA
B0135_S55	16976	15107	88.99	13707	8831	52.02	7751	45.66	7/18/19	2019	Water	Pre	11:14:00	11:00:00	AM	200	1.8	W	0	60	3	NA	NA	NA	NA	NA	25	1675	22.3	216	1.19	2	NA	1	7.3	0.1917785	-0.005997	NA	NA	NA	NA	NA	NA	NA
B0136_S56	14846	12998	87.55	11942	7743	52.16	5280	35.57	7/18/19	2019	Water	Pre	11:14:00	11:00:00	AM	200	1.8	W	0	60	4	P_0076	0.3205	0.231817	0.967	-0.28333	70	1650	22.4	80	1.32	2.2	NA	1.5	7.3	0.1917785	-0.005997	NA	NA	NA	NA	NA	NA	NA
B0137_S57	17239	15454	89.65	14171	8184	47.47	6856	39.77	7/18/19	2019	Water	Pre	14:00:00	14:00:00	PM	200	4	W	0	25	1	P_0077	0.2715	0.382726	1.0715	-0.60395	75	1344	24.7	59	1.74	3.4	NA	3	7.3	0.255138	-0.30818	NA	NA	NA	NA	NA	NA	NA
B0138_S58	15774	13860	87.87	12677	7441	47.17	6332	40.14	7/18/19	2019	Water	Pre	14:00:00	14:00:00	PM	200	4	W	0	25	2	NA	NA	NA	NA	NA	55	1537	24.2	77	1.19	1.1	NA	2	7.3	0.255138	-0.30818	NA	NA	NA	NA	NA	NA	NA
B0139_S59	19556	17524	89.61	15970	9811	50.17	8408	42.99	7/18/19	2019	Water	Pre	14:00:00	14:00:00	PM	200	4	W	0	25	3	NA	NA	NA	NA	NA	30	1539	24.5	134	1.29	2.3	NA	0	7.4	0.255138	-0.30818	NA	NA	NA	NA	NA	NA	NA
B0140_S60	16267	14260	87.66	13104	7941	48.82	6711	41.26	7/18/19	2019	Water	Pre	14:00:00	14:00:00	PM	200	4	W	0	25	4	P_0078	0.358	0.12755	0.9105	-0.01241	110	2287	23	42	1.44	1	NA	0	7.5	0.255138	-0.30818	NA	NA	NA	NA	NA	NA	NA
B0141_S61	18046	16035	88.86	14715	8458	46.87	7257	40.21	7/18/19	2019	Water	Pre	17:00:00	17:00:00	PM	200	5	W	0	90	1	P_0079	0.349	0.15174	1.0505	-0.55382	55	1549	23	67	1.59	2.5	NA	1.5	7.2	0.120691	-0.5487	NA	NA	NA	NA	NA	NA	NA
B0142_S62	15150	13406	88.49	12250	7437	49.09	5933	39.16	7/18/19	2019	Water	Pre	17:00:00	17:00:00	PM	200	5	W	0	90	2	NA	NA	NA	NA	NA	70	1595	22.6	115	1.22	2	NA	1	7.2	0.120691	-0.5487	NA	NA	NA	NA	NA	NA	NA
B0143_S63	21095	18916	89.67	17601	12071	57.22	10962	51.96	7/18/19	2019	Water	Pre	17:00:00	17:00:00	PM	200	5	W	0	90	3	NA	NA	NA	NA	NA	25	1621	22.5	407	1.23	1.8	NA	1	7.2	0.120691	-0.5487	NA	NA	NA	NA	NA	NA	NA
B0144_S64	16298	14397	88.34	13414	9383	57.57	8651	53.08	7/18/19	2019	Water	Pre	17:00:00	17:00:00	PM	200	5	W	0	90	4	P_0080	0.3725	0.089642	1.0465	-0.54358	55	1650	22	91	1.4	1.6	NA	1	7.5	0.120691	-0.5487	NA	NA	NA	NA	NA	NA	NA
B0145_S65	1	0	0	0	0	0	0	0	7/19/19	2019	Water	Pre	8:00:00	8:00:00	AM	53	2	W	6	100	1	P_0081	0.2955	0.306632	1.0835	-0.63003	300	3801	15.9	16	1.28	51	5.1	2.5	7.5	0.058071	-0.56226	NA	NA	NA	NA	NA	NA	NA
B0146_S66	18708	16490	88.14	15296	10506	56.16	9351	49.98	7/19/19	2019	Water	Pre	8:00:00	8:00:00	AM	53	2	W	6	100	2	NA	NA	NA	NA	NA	100	1547	15.9	55	1.39	28.8	5.3	2	7.4	0.058071	-0.56226	NA	NA	NA	NA	NA	NA	NA
B0147_S67	18155	16189	89.17	14949	10302	56.74	8704	47.94	7/19/19	2019	Water	Pre	8:00:00	8:00:00	AM	53	2	W	6	100	3	NA	NA	NA	NA	NA	90	1558	17	71	1.25	31.8	5.6	2	7.6	0.058071	-0.56226	NA	NA	NA	NA	NA	NA	NA
B0148_S68	15874	14001	88.2	12997	9287	58.5	7953	50.1	7/19/19	2019	Water	Pre	8:00:00	8:00:00	AM	53	2	W	6	100	4	P_0082	0.4985	-0.19049	1.0285	-0.49449	230	3451	15.8	22	1.29	17.4	10	1	7.8	0.058071	-0.56226	NA	NA	NA	NA	NA	NA	NA
B0149_S69	17059	15177	88.97	14047	9117	53.44	8042	47.14	7/19/19	2019	Water	Pre	11:10:00	11:00:00	AM	25.9	3	W	0	100	1	P_0083	0.4365	-0.06302	0.9295	-0.11336	230	1614	15.1	3	1.36	47.6	3.8	1	7.4	0.082948	-0.224775	NA	NA	NA	NA	NA	NA	NA
B0150_S70	13714	12068	88	11072	7178	52.34	6261	45.65	7/19/19	2019	Water	Pre	11:10:00	11:00:00	AM	25.9	3	W	0	100	2	NA	NA	NA	NA	NA	165	1560	15.5	16	1.93	42.2	2.8	1.5	7.4	0.082948	-0.224775	NA	NA	NA	NA	NA	NA	NA
B0151_S71	15556	13850	89.03	12647	8415	54.09	7216	46.39	7/19/19	2019	Water	Pre	11:10:00	11:00:00	AM	25.9	3	W	0	100	3	NA	NA	NA	NA	NA	160	1611	16.1	11	0.09	25.5	5.9	0.5	7.5	0.082948	-0.224775	NA	NA	NA	NA	NA	NA	NA
B0152_S72	1605	1400	87.23	1175	680	42.37	576	35.89	7/19/19	2019	Water	Pre	11:10:00	11:00:00	AM	25.9	3	W	0	100	4	P_0084	0.3215	0.228916	0.9805	-0.33619	220	1635	16.1	13	1.06	28.2	1.4	1.5	7.7	0.082948	-0.224775	NA	NA	NA	NA	NA	NA	NA
B0153_S73	16491	14662	88.91	13698	9897	60.01	8520	51.66	7/19/19	2019	Water	Pre	14:00:00	14:00:00	PM	23.7	4.1	NW	0	90	1	P_0085	0.366	0.106475	1.092	-0.64745	300	3944	18	0	1.71	55.2	6.3	1.5	7.4	0.0414675	-0.62	NA	NA	NA	NA	NA	NA	NA
B0154_S74	20615	18176	88.17	17159	12961	62.87	11847	57.47	7/19/19	2019	Water	Pre	14:00:00	14:00:00	PM	23.7	4.1	NW	0	90	2	NA	NA	NA	NA	NA	160	1603	17.6	6	1.52	64.4	4.5	2	7.4	0.0414675	-0.62	NA	NA	NA	NA	NA	NA	NA
B0155_S75	25049	22297	89.01	20782	15744	62.85	14276	56.99	7/19/19	2019	Water	Pre	14:00:00	14:00:00	PM	23.7	4.1	NW	0	90	3	NA	NA	NA	NA	NA	210	1601	17.4	11	1.24	50.8	4	2	7.4	0.0414675	-0.62	NA	NA	NA	NA	NA	NA	NA
B0156_S76	1	0	0	0	0	0	0	0	7/19/19	2019	Water	Pre	14:00:00	14:00:00	PM	23.7	4.1	NW	0	90	4	P_0086	0.419	-0.02354	1.0665	-0.59255	290	1577	15.6	9	1.12	38.4	8.3	0	7.5	0.0414675	-0.62	NA	NA	NA	NA	NA	NA	NA
B0157_S77	14354	12694	88.44	11622	8770	61.1	7609	53.01	7/19/19	2019	Water	Pre	17:00:00	17:00:00	PM	19	4.2	NW	0	65	1	P_0087	0.451	-0.09452	1.0595	-0.57604	300	2298	17.6	0	1.51	NA	7.7	2.5	7.4	-0.0176425	-0.333235	NA	NA	NA	NA	NA	NA	NA
B0158_S78	13552	11702	86.35	10795	7501	55.35	6821	50.33	7/19/19	2019	Water	Pre	17:00:00	17:00:00	PM	19	4.2	NW	0	65	2	NA	NA	NA	NA	NA	200	1782	17.8	15	1.37	55.8	7	2	7.4	-0.0176425	-0.333235	NA	NA	NA	NA	NA	NA	NA
B0159_S79	16791	14686	87.46	13621	9366	55.78	8254	49.16	7/19/19	2019	Water	Pre	17:00:00	17:00:00	PM	19	4.2	NW	0	65	3	NA	NA	NA	NA	NA	145	1508	18.1	8	1.13	61.2	3.6	0	7.5	-0.0176425	-0.333235	NA	NA	NA	NA	NA	NA	NA
B0160_S80	15944	13898	87.17	12825	9125	57.23	8461	53.07	7/19/19	2019	Water	Pre	17:00:00	17:00:00	PM	19	4.2	NW	0	65	4	P_0088a	0.3845	0.059235	0.925	-0.09043	270	1567	17.6	11	1.14	59.4	7.5	0	7.4	-0.0176425	-0.333235	NA	NA	NA	NA	NA	NA	NA
B0389_S81	13153	11680	88.8	10859	7799	59.29	7000	53.22	9/10/19	2019	Water	Post	8:35:00	8:00:00	AM	0	3.1	W	0	0	1	P_0169	0.77535	-0.11292	0.7742	-0.104	420	1696	21	8	1.43	12.8	3.9	2	7.6	-0.088125	-0.488235	NA	NA	NA	NA	NA	NA	NA
B0390_S82	13212	11553	87.44	10694	7597	57.5	6964	52.71	9/10/19	2019	Water	Post	8:35:00	8:00:00	AM	0	3.1	W	0	0	2	NA	NA	NA	NA	NA	420	1675	22	2	1.11	17.4	1.2	2	7.5	-0.088125	-0.488235	NA	NA	NA	NA	NA	NA	NA
B0391_S83	12102	10583	87.45	9718	6857	56.66	6355	52.51	9/10/19	2019	Water	Post	8:35:00	8:00:00	AM	0	3.1	W	0	0	3	NA	NA	NA	NA	NA	240	1653	22	18	1.03	14.2	3.3	1	7.6	-0.088125	-0.488235	NA	NA	NA	NA	NA	NA	NA
B0392_S84	13769	11788	85.61	10911	7748	56.27	7187	52.2	9/10/19	2019	Water	Post	8:35:00	8:00:00	AM	0	3.1	W	0	0	4	P_0170	0.7386	-0.06333	0.9908	-0.87247	360	1654	23	10	0.76	14	4	2	7.6	-0.088125	-0.488235	NA	NA	NA	NA	NA	NA	NA
B0393_S85	11743	10215	86.99	9503	6977	59.41	6228	53.04	9/10/19	2019	Water	Post	11:49:00	11:00:00	AM	0	4	W	0	0	1	P_0171	0.78525	-0.12582	0.6158	2.728223	340	1725	22	2	1.3	16.2	3.1	2	7.6	-0.10618	1.79876	NA	NA	NA	NA	NA	NA	NA
B0394_S86	8805	7678	87.2	6989	4984	56.6	4606	52.31	9/10/19	2019	Water	Post	11:49:00	11:00:00	AM	0	4	W	0	0	2	NA	NA	NA	NA	NA	340	1671	22	5	1.25	15.8	4.2	1	7.6	-0.10618	1.79876	NA	NA	NA	NA	NA	NA	NA
B0395_S87	14147	12278	86.79	11153	7443	52.61	6808	48.12	9/10/19	2019	Water	Post	11:49:00	11:00:00	AM	0	4	W	0	0	3	NA	NA	NA	NA	NA	120	1630	23	20	1.01	13.8	4.4	2	7.6	-0.10618	1.79876	NA	NA	NA	NA	NA	NA	NA
B0396_S88	13250	11579	87.39	10649	7363	55.57	6802	51.34	9/10/19	2019	Water	Post	11:49:00	11:00:00	AM	0	4	W	0	0	4	P_0172	0.75555	-0.08654	0.6925	0.869297	180	1729	22	22	1.18	11	4.3	2	7.6	-0.10618	1.79876	NA	NA	NA	NA	NA	NA	NA
B0397_S89	13997	12314	87.98	11431	8014	57.26	6927	49.49	9/10/19	2019	Water	Post	14:08:00	14:00:00	PM	0	3.3	W	0	0	1	P_0173	0.75835	-0.09031	0.58335	3.99287	NA	1739	23	26	1.58	13.8	4.9	1	7.6	-0.096565	2.2973905	NA	NA	NA	NA	NA	NA	NA
B0398_S90	15643	13646	87.23	12576	9607	61.41	8955	57.25	9/10/19	2019	Water	Post	14:08:00	14:00:00	PM	0	3.3	W	0	0	2	NA	NA	NA	NA	NA	120	1700	24	29	1.52	19	4.1	1	7.5	-0.096565	2.2973905	NA	NA	NA	NA	NA	NA	NA
B0399_S91	12713	11024	86.71	9940	6667	52.44	6059	47.66	9/10/19	2019	Water	Post	14:08:00	14:00:00	PM	0	3.3	W	0	0	3	NA	NA	NA	NA	NA	55	1700	24.5	72	1.14	18.4	3.5	1	7.5	-0.096565	2.2973905	NA	NA	NA	NA	NA	NA	NA
B0400_S92	19982	17994	90.05	16798	12196	61.03	10157	50.83	9/10/19	2019	Water	Post	14:08:00	14:00:00	PM	0	3.3	W	0	0	4	P_0174	0.7677	-0.10282	0.70965	0.601911	90	1756	24.5	57	1.21	14.4	3.9	0	7.5	-0.096565	2.2973905	NA	NA	NA	NA	NA	NA	NA
B0401_S93	8856	7823	88.34	7168	4914	55.49	4313	48.7	9/10/19	2019	Water	Post	17:10:00	17:00:00	PM	0	4.2	W	0	0	1	P_0175	0.80105	-0.14603	0.67825	1.125114	75	1666	23	46	1.86	7.5	8.3	2	7.5	-0.146	1.2049615	NA	NA	NA	NA	NA	NA	NA
B0402_S94	11871	10710	90.22	9801	6695	56.4	6098	51.37	9/10/19	2019	Water	Post	17:10:00	17:00:00	PM	0	4.2	W	0	0	2	NA	NA	NA	NA	NA	60	1664	23	123	1.63	7.7	9.2	1	7.5	-0.146	1.2049615	NA	NA	NA	NA	NA	NA	NA
B0403_S95	161	128	79.5	81	56	34.78	56	34.78	9/10/19	2019	Water	Post	17:10:00	17:00:00	PM	0	4.2	W	0	0	3	NA	NA	NA	NA	NA	60	1656	24	92	1.43	7.4	7.6	1	7.6	-0.146	1.2049615	NA	NA	NA	NA	NA	NA	NA
B0404_S96	13102	11747	89.66	10894	8076	61.64	7189	54.87	9/10/19	2019	Water	Post	17:10:00	17:00:00	PM	0	4.2	W	0	0	4	P_0176	0.801	-0.14597	0.6702	1.284809	80	1574	23	45	1.31	9.4	7.3	0	7.6	-0.146	1.2049615	NA	NA	NA	NA	NA	NA	NA
B0405_S97	5430	4826	88.88	4495	4199	77.33	3988	73.44	9/11/19	2019	Water	Post	8:15:00	8:00:00	AM	29.6	1.6	E	3	100	1	P_0177	0.83615	-0.18926	0.70915	0.609136	900	1852	16	5	1.06	47.4	6.7	3	7.6	-0.160795	0.641263	NA	NA	NA	NA	NA	NA	NA
B0406_S98	19	7	36.84	1	0	0	0	0	9/11/19	2019	Water	Post	8:15:00	8:00:00	AM	29.6	1.6	E	3	100	2	NA	NA	NA	NA	NA	300	1744	17	39	1.04	36.9	11.8	2	7.2	-0.160795	0.641263	NA	NA	NA	NA	NA	NA	NA
B0407_S99	10682	9423	88.21	8570	6349	59.44	5719	53.54	9/11/19	2019	Water	Post	8:15:00	8:00:00	AM	29.6	1.6	E	3	100	3	NA	NA	NA	NA	NA	600	1702	19	26	1.03	33.9	2	1	7.6	-0.160795	0.641263	NA	NA	NA	NA	NA	NA	NA
B0408_S100	565	497	87.96	395	313	55.4	307	54.34	9/11/19	2019	Water	Post	8:15:00	8:00:00	AM	29.6	1.6	E	3	100	4	P_0178	0.7903	-0.13233	0.7048	0.67339	360	1657	19	7	1.25	32.4	4	3	7.5	-0.160795	0.641263	NA	NA	NA	NA	NA	NA	NA
B0409_S101	16	5	31.25	1	1	6.25	1	6.25	9/11/19	2019	Water	Post	11:20:00	11:00:00	AM	16.8	1	N	0	0	1	P_0179	0.8219	-0.17198	0.6874	0.957107	900	1756	20	3	1.17	28.6	7.5	0	7.7	-0.158785	1.2095735	NA	NA	NA	NA	NA	NA	NA
B0410_S102	16401	14698	89.62	13277	9542	58.18	8762	53.42	9/11/19	2019	Water	Post	11:20:00	11:00:00	AM	16.8	1	N	0	0	2	NA	NA	NA	NA	NA	300	1785	21	13	1.05	29.6	1.7	1	7.6	-0.158785	1.2095735	NA	NA	NA	NA	NA	NA	NA
B0411_S103	11533	10071	87.32	9082	6783	58.81	6472	56.12	9/11/19	2019	Water	Post	11:20:00	11:00:00	AM	16.8	1	N	0	0	3	NA	NA	NA	NA	NA	360	1774	20	19	1.2	27.5	4.6	0	7.6	-0.158785	1.2095735	NA	NA	NA	NA	NA	NA	NA
B0412_S104	14280	12619	88.37	11566	8789	61.55	8348	58.46	9/11/19	2019	Water	Post	11:20:00	11:00:00	AM	16.8	1	N	0	0	4	P_0180	0.8007	-0.14559	0.6619	1.46204	540	1715	17	5	0.95	20.5	3.8	0	7.6	-0.158785	1.2095735	NA	NA	NA	NA	NA	NA	NA
B0413_S105	9587	8310	86.68	7717	6121	63.85	5752	60	9/11/19	2019	Water	Post	14:00:00	14:00:00	PM	14.5	4.3	W	0	0	1	P_0181	0.78005	-0.11907	0.599	3.336843	300	1593	20.2	0	1.19	25.8	7	2	7.5	-0.1229	2.307233	NA	NA	NA	NA	NA	NA	NA
B0414_S106	8844	7736	87.47	7212	6186	69.95	6005	67.9	9/11/19	2019	Water	Post	14:00:00	14:00:00	PM	14.5	4.3	W	0	0	2	NA	NA	NA	NA	NA	240	1688	23	11	1.17	23.7	4.8	3	7.5	-0.1229	2.307233	NA	NA	NA	NA	NA	NA	NA
B0415_S107	13606	12052	88.58	11101	8115	59.64	7328	53.86	9/11/19	2019	Water	Post	14:00:00	14:00:00	PM	14.5	4.3	W	0	0	3	NA	NA	NA	NA	NA	360	1666	22.8	6	1.06	24.8	3.9	3	7.5	-0.1229	2.307233	NA	NA	NA	NA	NA	NA	NA
B0416_S108	13231	11640	87.98	10587	8213	62.07	7722	58.36	9/11/19	2019	Water	Post	14:00:00	14:00:00	PM	14.5	4.3	W	0	0	4	P_0182	0.78595	-0.12673	0.67055	1.277623	360	1657	21.5	0	0.83	22.3	1.7	4	7.5	-0.1229	2.307233	NA	NA	NA	NA	NA	NA	NA
B0417_S109	7796	6878	88.22	6292	4802	61.6	4531	58.12	9/11/19	2019	Water	Post	17:05:00	17:00:00	PM	12.9	2.5	W	0	0	1	P_0183	0.8163	-0.16509	0.73945	0.225036	240	1842	18	14	1.38	21.5	8.7	2	7.6	-0.155025	0.6201195	NA	NA	NA	NA	NA	NA	NA
B0418_S110	9778	8370	85.6	7805	6065	62.03	5762	58.93	9/11/19	2019	Water	Post	17:05:00	17:00:00	PM	12.9	2.5	W	0	0	2	NA	NA	NA	NA	NA	300	1747	21	27	1.19	20.9	4.8	2	7.5	-0.155025	0.6201195	NA	NA	NA	NA	NA	NA	NA
B0419_S111	9544	8360	87.59	7548	5539	58.04	5167	54.14	9/11/19	2019	Water	Post	17:05:00	17:00:00	PM	12.9	2.5	W	0	0	3	NA	NA	NA	NA	NA	360	1750	22	16	1.11	21.9	2.3	2	7.4	-0.155025	0.6201195	NA	NA	NA	NA	NA	NA	NA
B0420_S112	14133	12511	88.52	11640	9001	63.69	8215	58.13	9/11/19	2019	Water	Post	17:05:00	17:00:00	PM	12.9	2.5	W	0	0	4	P_0184	0.8002	-0.14496	0.68415	1.015203	900	1745	20	13	1.08	25.6	2	1	7.5	-0.155025	0.6201195	NA	NA	NA	NA	NA	NA	NA
B0421_S113	9875	8824	89.36	8156	6390	64.71	5801	58.74	9/12/19	2019	Water	Post	8:00:00	8:00:00	AM	0	10	SE	0	NA	1	P_0185	0.80545	-0.15157	0.64145	1.959613	420	1120	15	5	1.25	30.4	4.5	0	7.6	-0.11097	2.550006	NA	NA	NA	NA	NA	NA	NA
B0422_S114	8248	7028	85.21	6574	5858	71.02	5704	69.16	9/12/19	2019	Water	Post	8:00:00	8:00:00	AM	0	10	SE	0	NA	2	NA	NA	NA	NA	NA	300	1702	15	15	1.17	30.2	1.1	0	7.6	-0.11097	2.550006	NA	NA	NA	NA	NA	NA	NA
B0423_S115	9902	8625	87.1	8015	6769	68.36	6521	65.86	9/12/19	2019	Water	Post	8:00:00	8:00:00	AM	0	10	SE	0	NA	3	NA	NA	NA	NA	NA	300	1702	17	15	1.14	44.6	2.5	1	7.6	-0.11097	2.550006	NA	NA	NA	NA	NA	NA	NA
B0424_S116	8261	7264	87.93	6589	5036	60.96	4683	56.69	9/12/19	2019	Water	Post	8:00:00	8:00:00	AM	0	10	SE	0	NA	4	P_0186	0.7437	-0.07037	0.60415	3.140399	420	1657	17	11	1.65	37.6	0.8	2	7.7	-0.11097	2.550006	NA	NA	NA	NA	NA	NA	NA
B0425_S117	3	3	100	1	0	0	0	0	9/12/19	2019	Water	Post	11:00:00	11:00:00	AM	0	0	NA	0	NA	1	P_0187	0.7503	-0.07941	0.57895	4.194575	180	1600	24.5	49	1.41	45.6	5	1	7.7	-0.126035	2.1991485	NA	NA	NA	NA	NA	NA	NA
B0426_S118	1	1	100	1	1	100	1	100	9/12/19	2019	Water	Post	11:00:00	11:00:00	AM	0	0	NA	0	NA	2	NA	NA	NA	NA	NA	180	1644	23	11	1.18	46.6	1.8	0	7.6	-0.126035	2.1991485	NA	NA	NA	NA	NA	NA	NA
B0427_S119	5602	4636	82.76	4103	3027	54.03	2787	49.75	9/12/19	2019	Water	Post	11:00:00	11:00:00	AM	0	0	NA	0	NA	3	NA	NA	NA	NA	NA	300	1665	22	29	1.18	45.8	6.4	0	7.6	-0.126035	2.1991485	NA	NA	NA	NA	NA	NA	NA
B0428_S120	8351	7333	87.81	6506	4439	53.16	4068	48.71	9/12/19	2019	Water	Post	11:00:00	11:00:00	AM	0	0	NA	0	NA	4	P_0188	0.82245	-0.17266	0.7414	0.203722	360	1641	20.6	9	1.26	52	0.9	1	7.6	-0.126035	2.1991485	NA	NA	NA	NA	NA	NA	NA
B0429_S121	3487	2837	81.36	2514	2201	63.12	2129	61.06	9/12/19	2019	Water	Post	14:09:00	14:00:00	PM	0	NA	W	0	0	1	P_0189	0.76565	-0.10009	0.81855	-0.3989	110	1720	21.3	59	1.51	46.8	2.5	NA	NA	-0.086605	0.5304625	NA	NA	NA	NA	NA	NA	NA
B0430_S122	18	6	33.33	2	0	0	0	0	9/12/19	2019	Water	Post	14:09:00	14:00:00	PM	0	NA	W	0	0	2	NA	NA	NA	NA	NA	80	1706	20.2	36	1.27	43.8	2.4	0	7.5	-0.086605	0.5304625	NA	NA	NA	NA	NA	NA	NA
B0431_S123	6465	5220	80.74	4687	3773	58.36	3632	56.18	9/12/19	2019	Water	Post	14:09:00	14:00:00	PM	0	NA	W	0	0	3	NA	NA	NA	NA	NA	70	1606	20.5	74	1.17	41.2	3.3	0	7.6	-0.086605	0.5304625	NA	NA	NA	NA	NA	NA	NA
B0432_S124	9748	8640	88.63	7797	5473	56.14	4954	50.82	9/12/19	2019	Water	Post	14:09:00	14:00:00	PM	0	NA	W	0	0	4	P_0190	0.7457	-0.07312	0.662	1.459825	330	1683	21	20	1.05	45.2	1.9	0	7.5	-0.086605	0.5304625	NA	NA	NA	NA	NA	NA	NA
B0437_S125	44	7	15.91	1	0	0	0	0	9/13/19	2019	Water	Post	8:03:00	8:00:00	AM	20.2	1.9	E	7.8	0	1	P_0193	0.76635	-0.10102	0.7133	0.550138	420	1725	16.7	12	1.3	25.4	2.7	2	7.5	-0.102185	0.4386735	NA	NA	NA	NA	NA	NA	NA
B0438_S126	3	0	0	0	0	0	0	0	9/13/19	2019	Water	Post	8:03:00	8:00:00	AM	20.2	1.9	E	7.8	0	2	NA	NA	NA	NA	NA	360	1727	17.7	9	1.18	24.8	2.1	2	7.5	-0.102185	0.4386735	NA	NA	NA	NA	NA	NA	NA
B0439_S127	14172	12740	89.9	11564	8318	58.69	7811	55.12	9/13/19	2019	Water	Post	8:03:00	8:00:00	AM	20.2	1.9	E	7.8	0	3	NA	NA	NA	NA	NA	250	1667	20.5	58	1.13	30.3	2	1.5	7.5	-0.102185	0.4386735	NA	NA	NA	NA	NA	NA	NA
B0440_S128	18462	16606	89.95	14961	9889	53.56	9002	48.76	9/13/19	2019	Water	Post	8:03:00	8:00:00	AM	20.2	1.9	E	7.8	0	4	P_0194	0.7681	-0.10335	0.73055	0.327209	480	1631	19	12	1.26	27.4	1	2	7.5	-0.102185	0.4386735	NA	NA	NA	NA	NA	NA	NA
B0441_S129	109	74	67.89	39	25	22.94	16	14.68	9/13/19	2019	Water	Post	10:57:00	11:00:00	AM	12.7	2	SE	7.8	0	1	P_0195	0.7793	-0.11809	0.63345	2.180587	560	1700	23.7	18	1.31	29.9	6.2	0	7.5	-0.129555	1.789596	NA	NA	NA	NA	NA	NA	NA
B0442_S130	9278	8083	87.12	7435	5408	58.29	5031	54.23	9/13/19	2019	Water	Post	10:57:00	11:00:00	AM	12.7	2	SE	7.8	0	2	NA	NA	NA	NA	NA	145	1732	22.2	12	1.42	29.2	3.3	0	7.5	-0.129555	1.789596	NA	NA	NA	NA	NA	NA	NA
B0443_S131	13890	12458	89.69	11151	6937	49.94	6344	45.67	9/13/19	2019	Water	Post	10:57:00	11:00:00	AM	12.7	2	SE	7.8	0	3	NA	NA	NA	NA	NA	360	1711	21.6	40	1.23	27.7	2.4	0	7.4	-0.129555	1.789596	NA	NA	NA	NA	NA	NA	NA
B0444_S132	12140	10867	89.51	9642	5914	48.71	5289	43.57	9/13/19	2019	Water	Post	10:57:00	11:00:00	AM	12.7	2	SE	7.8	0	4	P_0196	0.7971	-0.14102	0.6648	1.398605	480	1731	19.4	13	1.17	28.5	1.4	0	7.4	-0.129555	1.789596	NA	NA	NA	NA	NA	NA	NA
B0445_S133	2693	2347	87.15	2036	1695	62.94	1616	60.01	9/13/19	2019	Water	Post	14:04:00	14:00:00	PM	10.9	3	W	0	10	1	P_0197	0.7635	-0.09722	0.60975	2.936874	290	1678	22.6	20	1.33	29	8.3	3	7.5	-0.08743	2.188426	NA	NA	NA	NA	NA	NA	NA
B0446_S134	12310	10884	88.42	9840	6001	48.75	5510	44.76	9/13/19	2019	Water	Post	14:04:00	14:00:00	PM	10.9	3	W	0	10	2	NA	NA	NA	NA	NA	260	1700	24.9	5	1.28	25.5	4.4	4	7.5	-0.08743	2.188426	NA	NA	NA	NA	NA	NA	NA
B0447_S135	14263	12815	89.85	11566	6978	48.92	6144	43.08	9/13/19	2019	Water	Post	14:04:00	14:00:00	PM	10.9	3	W	0	10	3	NA	NA	NA	NA	NA	240	1659	26.7	21	1.19	27	2.8	3	7.4	-0.08743	2.188426	NA	NA	NA	NA	NA	NA	NA
B0448_S136	17436	15471	88.73	14089	8658	49.66	7686	44.08	9/13/19	2019	Water	Post	14:04:00	14:00:00	PM	10.9	3	W	0	10	4	P_0198	0.749	-0.07764	0.6629	1.439978	780	1699	23.4	4	1.18	29.1	6.1	3	7.4	-0.08743	2.188426	NA	NA	NA	NA	NA	NA	NA
B0449_S137	1671	1461	87.43	1260	1105	66.13	1057	63.26	9/13/19	2019	Water	Post	17:07:00	17:00:00	PM	10.4	1.9	W	0	5	1	P_0199	0.7785	-0.11705	0.68135	1.066637	310	1702	23.2	13	1.43	23.9	7	3	7.5	-0.124565	2.145871	NA	NA	NA	NA	NA	NA	NA
B0450_S138	17762	15808	89	14427	9408	52.97	8479	47.74	9/13/19	2019	Water	Post	17:07:00	17:00:00	PM	10.4	1.9	W	0	5	2	NA	NA	NA	NA	NA	160	1675	25.7	23	1.32	22.5	3.5	3	7.4	-0.124565	2.145871	NA	NA	NA	NA	NA	NA	NA
B0451_S139	10990	9737	88.6	8666	5003	45.52	4547	41.37	9/13/19	2019	Water	Post	17:07:00	17:00:00	PM	10.4	1.9	W	0	5	3	NA	NA	NA	NA	NA	180	1718	22.8	36	1.19	24.4	2.6	2.5	7.4	-0.124565	2.145871	NA	NA	NA	NA	NA	NA	NA
B0452_S140	10784	9641	89.4	9163	8618	79.91	8348	77.41	9/13/19	2019	Water	Post	17:07:00	17:00:00	PM	10.4	1.9	W	0	5	4	P_0200	0.7901	-0.13208	0.6019	3.225105	540	1671	21.3	17	1.15	26.4	2.4	1.5	7.5	-0.124565	2.145871	NA	NA	NA	NA	NA	NA	NA
B0453_S141	123218	108779	88.28	103923	71857	58.32	58230	47.26	9/14/19	2019	Water	Post	8:09:00	8:00:00	AM	0	0	NA	7.8	0	1	P_0201	0.7712	-0.10745	0.60365	3.159074	200	1684	20.5	57	1.17	24.6	1.4	4	7.5	-0.08867	3.040017	NA	NA	NA	NA	NA	NA	NA
B0454_S142	6727	5727	85.13	5184	3701	55.02	3434	51.05	9/14/19	2019	Water	Post	8:09:00	8:00:00	AM	0	0	NA	7.8	0	2	NA	NA	NA	NA	NA	120	1685	19.3	33	1.12	20.9	1.3	3.5	7.5	-0.08867	3.040017	NA	NA	NA	NA	NA	NA	NA
B0455_S143	12378	11026	89.08	9831	6052	48.89	5481	44.28	9/14/19	2019	Water	Post	8:09:00	8:00:00	AM	0	0	NA	7.8	0	3	NA	NA	NA	NA	NA	80	1685	19.9	26	0.97	25.9	2.7	3.5	7.4	-0.08867	3.040017	NA	NA	NA	NA	NA	NA	NA
B0456_S144	13722	12061	87.9	10944	6790	49.48	5981	43.59	9/14/19	2019	Water	Post	8:09:00	8:00:00	AM	0	0	NA	7.8	0	4	P_0202	0.74335	-0.06989	0.6102	2.92096	300	1670	19.8	17	1.08	33	1.9	2	7.5	-0.08867	3.040017	NA	NA	NA	NA	NA	NA	NA
B0457_S145	13285	11853	89.22	10738	6691	50.37	6030	45.39	9/14/19	2019	Water	Post	11:05:00	11:00:00	AM	0	3.8	W	7.8	0	1	P_0203	0.77955	-0.11842	0.67555	1.177392	300	1702	20.6	48	1.38	31.4	3.3	4	7.5	-0.10645	2.286593	NA	NA	NA	NA	NA	NA	NA
B0458_S146	10051	8650	86.06	7860	5383	53.56	4977	49.52	9/14/19	2019	Water	Post	11:05:00	11:00:00	AM	0	3.8	W	7.8	0	2	NA	NA	NA	NA	NA	300	1710	23.9	10	1.17	49	3.9	5	7.5	-0.10645	2.286593	NA	NA	NA	NA	NA	NA	NA
B0459_S147	16080	14330	89.12	12938	8085	50.28	7334	45.61	9/14/19	2019	Water	Post	11:05:00	11:00:00	AM	0	3.8	W	7.8	0	3	NA	NA	NA	NA	NA	180	1685	27.1	32	1.1	59.2	2.4	3	7.6	-0.10645	2.286593	NA	NA	NA	NA	NA	NA	NA
B0460_S148	26218	23160	88.34	21297	13243	50.51	11866	45.26	9/14/19	2019	Water	Post	11:05:00	11:00:00	AM	0	3.8	W	7.8	0	4	P_0204	0.76145	-0.09448	0.5975	3.395794	300	1675	26.8	14	1.11	36.2	1.4	3	7.5	-0.10645	2.286593	NA	NA	NA	NA	NA	NA	NA
B0461_S149	11270	9901	87.85	8957	5331	47.3	4674	41.47	9/14/19	2019	Water	Post	14:28:00	14:00:00	PM	0	3.8	W	0	20	1	P_0205	0.7541	-0.08457	0.60785	3.00478	120	1722	20.9	38	1.4	57.6	2.2	4	7.5	-0.064675	2.6718885	NA	NA	NA	NA	NA	NA	NA
B0462_S150	9328	8191	87.81	7330	4238	45.43	3829	41.05	9/14/19	2019	Water	Post	14:28:00	14:00:00	PM	0	3.8	W	0	20	2	NA	NA	NA	NA	NA	180	1720	20.6	41	1.16	NA	3	3	7.5	-0.064675	2.6718885	NA	NA	NA	NA	NA	NA	NA
B0463_S151	13762	12072	87.72	10853	6675	48.5	6037	43.87	9/14/19	2019	Water	Post	14:28:00	14:00:00	PM	0	3.8	W	0	20	3	NA	NA	NA	NA	NA	170	1541	20.7	25	1.2	58.4	3	4	7.5	-0.064675	2.6718885	NA	NA	NA	NA	NA	NA	NA
B0464_S152	16491	14701	89.15	13336	8418	51.05	7635	46.3	9/14/19	2019	Water	Post	14:28:00	14:00:00	PM	0	3.8	W	0	20	4	P_0206	0.72535	-0.04478	0.62805	2.338997	300	1681	21.5	13	1.08	52	3	2	7.5	-0.064675	2.6718885	NA	NA	NA	NA	NA	NA	NA
B0465_S153	10737	9503	88.51	8508	5361	49.93	4896	45.6	9/14/19	2019	Water	Post	17:16:00	17:00:00	PM	0	2.6	W	0	3	1	P_0207	0.76635	-0.10102	0.61735	2.67657	180	1617	23.4	4	1.42	57.6	5.9	2	7.5	-0.082035	2.9680205	NA	NA	NA	NA	NA	NA	NA
B0466_S154	15441	13683	88.61	12196	7353	47.62	6624	42.9	9/14/19	2019	Water	Post	17:16:00	17:00:00	PM	0	2.6	W	0	3	2	NA	NA	NA	NA	NA	120	1703	20.8	40	1.39	67.2	5.3	2	7.5	-0.082035	2.9680205	NA	NA	NA	NA	NA	NA	NA
B0467_S155	11211	9768	87.13	8691	5230	46.65	4810	42.9	9/14/19	2019	Water	Post	17:16:00	17:00:00	PM	0	2.6	W	0	3	3	NA	NA	NA	NA	NA	120	1649	23.7	11	1.34	64.8	4.1	2	7.5	-0.082035	2.9680205	NA	NA	NA	NA	NA	NA	NA
SB0087_S1	15	8	53.33	4	0	0	0	0	7/15/19	2019	Sediment	Pre	11:00:00	11:00:00	AM	0	3.2	W	0	0	3	NA	NA	NA	NA	NA	40	5059	19.3	202	0.71	17.6	6.2	1	NA	0.5665365	0.049722	NA	NA	NA	NA	NA	NA	NA
SB0088_S2	8320	6994	84.06	6192	3772	45.34	3421	41.12	7/15/19	2019	Sediment	Pre	11:00:00	11:00:00	AM	0	3.2	W	0	0	4	P_0052	0.364	0.111707	0.8995	0.051211	70	4590	18.6	88	0.91	17.6	3.5	0	NA	0.5665365	0.049722	NA	NA	NA	NA	NA	NA	NA
SB0089_S3	2262	1658	73.3	1381	1104	48.81	1088	48.1	7/15/19	2019	Sediment	Pre	14:00:00	14:00:00	PM	0	3.8	SW	0	0	1	P_0053	0.297	0.302018	0.9545	-0.23064	110	1726	23.5	49	0.32	17.2	6.7	0	NA	0.150304	-0.127095	NA	NA	NA	NA	NA	NA	NA
SB0090_S4	4548	2932	64.47	2604	2133	46.9	1995	43.87	7/15/19	2019	Sediment	Pre	14:00:00	14:00:00	PM	0	3.8	SW	0	0	2	NA	NA	NA	NA	NA	45	1653	24.3	83	0.77	19.6	6.4	0	NA	0.150304	-0.127095	NA	NA	NA	NA	NA	NA	NA
SB0091_S5	37567	33302	88.65	31255	22148	58.96	19069	50.76	7/15/19	2019	Sediment	Pre	14:00:00	14:00:00	PM	0	3.8	SW	0	0	3	NA	NA	NA	NA	NA	30	3550	22.3	143	0.7	19.8	8.7	0	NA	0.150304	-0.127095	NA	NA	NA	NA	NA	NA	NA
SB0092_S6	891	737	82.72	616	513	57.58	489	54.88	7/15/19	2019	Sediment	Pre	14:00:00	14:00:00	PM	0	3.8	SW	0	0	4	P_0054	0.4095	-0.00141	0.9125	-0.02355	75	3841	21.5	55	0.89	22.2	5.1	0	NA	0.150304	-0.127095	NA	NA	NA	NA	NA	NA	NA
SB0093_S7	13619	12189	89.5	11188	8037	59.01	7501	55.08	7/15/19	2019	Sediment	Pre	17:00:00	17:00:00	PM	0	3.3	SW	0	0	1	P_0055	0.321	0.230366	0.9185	-0.05625	100	1726	26.1	56	1.77	24.8	5.8	0	NA	0.191053	-0.037125	NA	NA	NA	NA	NA	NA	NA
SB0094_S8	10546	8770	83.16	8019	5736	54.39	5330	50.54	7/15/19	2019	Sediment	Pre	17:00:00	17:00:00	PM	0	3.3	SW	0	0	2	NA	NA	NA	NA	NA	85	1679	27.2	59	0.86	32.2	4.9	0	NA	0.191053	-0.037125	NA	NA	NA	NA	NA	NA	NA
SB0095_S9	13512	12144	89.88	11158	7760	57.43	6889	50.98	7/15/19	2019	Sediment	Pre	17:00:00	17:00:00	PM	0	3.3	SW	0	0	3	NA	NA	NA	NA	NA	35	1618	24.9	206	0.84	19.6	14.2	0	NA	0.191053	-0.037125	NA	NA	NA	NA	NA	NA	NA
SB0096_S10	8146	7012	86.08	6348	4360	53.52	4093	50.25	7/15/19	2019	Sediment	Pre	17:00:00	17:00:00	PM	0	3.3	SW	0	0	4	P_0056	0.349	0.15174	0.9115	-0.018	70	1022	24.3	75	1.26	26	4.2	0	NA	0.191053	-0.037125	NA	NA	NA	NA	NA	NA	NA
SB0097_S11	16572	13474	81.31	12358	8494	51.26	7801	47.07	7/16/19	2019	Sediment	Pre	8:00:00	8:00:00	AM	0	2.9	W	0	95	1	P_0057	0.2685	0.392544	0.9095	-0.00679	94	3781	18.6	117	1.02	17	7.3	2	NA	0.184502	-0.07492	NA	NA	NA	NA	NA	NA	NA
SB0098_S12	12585	9773	77.66	9033	6726	53.44	6284	49.93	7/16/19	2019	Sediment	Pre	8:00:00	8:00:00	AM	0	2.9	W	0	95	2	NA	NA	NA	NA	NA	70	1710	19.7	85	0.86	9.4	4.8	2.5	NA	0.184502	-0.07492	NA	NA	NA	NA	NA	NA	NA
SB0099_S13	9261	7808	84.31	7116	5424	58.57	5033	54.35	7/16/19	2019	Sediment	Pre	8:00:00	8:00:00	AM	0	2.9	W	0	95	3	NA	NA	NA	NA	NA	40	4196	20.4	228	1.37	9.4	7.1	3	NA	0.184502	-0.07492	NA	NA	NA	NA	NA	NA	NA
SB0100_S14	10923	9451	86.52	8591	5903	54.04	5503	50.38	7/16/19	2019	Sediment	Pre	8:00:00	8:00:00	AM	0	2.9	W	0	95	4	P_0058	0.419	-0.02354	0.9355	-0.14305	80	1444	18.7	94	0.88	12	6	3	NA	0.184502	-0.07492	NA	NA	NA	NA	NA	NA	NA
SB0101_S15	14539	12861	88.46	11825	7861	54.07	7043	48.44	7/16/19	2019	Sediment	Pre	11:00:00	11:00:00	AM	0	2.6	W	0	100	1	P_0059	0.358	0.12755	0.894	0.084542	68	1585	18.9	149	0.73	11.6	7.2	2	NA	0.1362595	0.0619445	NA	NA	NA	NA	NA	NA	NA
SB0102_S16	4659	4020	86.28	3575	2620	56.24	2484	53.32	7/16/19	2019	Sediment	Pre	11:00:00	11:00:00	AM	0	2.6	W	0	100	2	NA	NA	NA	NA	NA	77	1630	20.3	74	0.91	12.8	4.1	2	NA	0.1362595	0.0619445	NA	NA	NA	NA	NA	NA	NA
SB0103_S17	8836	7633	86.39	6997	5126	58.01	4620	52.29	7/16/19	2019	Sediment	Pre	11:00:00	11:00:00	AM	0	2.6	W	0	100	3	NA	NA	NA	NA	NA	35	1610	20.8	186	0.92	5	8.2	2.5	NA	0.1362595	0.0619445	NA	NA	NA	NA	NA	NA	NA
SB0104_S18	6340	5505	86.83	4910	3266	51.51	2981	47.02	7/16/19	2019	Sediment	Pre	11:00:00	11:00:00	AM	0	2.6	W	0	100	4	P_0060	0.3515	0.144969	0.9015	0.039347	92	1620	20	67	0.71	7.2	4.8	3	NA	0.1362595	0.0619445	NA	NA	NA	NA	NA	NA	NA
SB0105_S19	7148	5513	77.13	4861	2743	38.37	2471	34.57	7/16/19	2019	Sediment	Pre	14:00:00	14:00:00	PM	0	3.9	W	0	0	1	P_0061	0.3135	0.252323	0.876	0.201192	58	1631	21.9	56	0.94	11	5.1	2	NA	0.172269	0.174533	NA	NA	NA	NA	NA	NA	NA
SB0106_S20	7594	4414	58.12	3756	2081	27.4	1757	23.14	7/16/19	2019	Sediment	Pre	14:00:00	14:00:00	PM	0	3.9	W	0	0	2	NA	NA	NA	NA	NA	50	1675	23.4	55	0.78	7.2	8.3	2	NA	0.172269	0.174533	NA	NA	NA	NA	NA	NA	NA
SB0107_S21	8386	7286	86.88	6398	4037	48.14	3530	42.09	7/16/19	2019	Sediment	Pre	14:00:00	14:00:00	PM	0	3.9	W	0	0	3	NA	NA	NA	NA	NA	31	1725	23.1	72	0.91	7.2	6.9	1	NA	0.172269	0.174533	NA	NA	NA	NA	NA	NA	NA
SB0108_S22	7621	6258	82.12	5554	3226	42.33	2973	39.01	7/16/19	2019	Sediment	Pre	14:00:00	14:00:00	PM	0	3.9	W	0	0	4	P_0062	0.3715	0.092215	0.884	0.147874	70	1576	22.2	94	0.8	8.4	3.8	2	NA	0.172269	0.174533	NA	NA	NA	NA	NA	NA	NA
SB0109_S23	10428	9142	87.67	8095	5359	51.39	4914	47.12	7/16/19	2019	Sediment	Pre	17:00:00	17:00:00	PM	0	3.5	SW	0	5	1	P_0063	0.3415	0.172294	1.004	-0.41907	65	1607	23.5	43	1.1	30.4	7.1	1	NA	0.161338	-0.482615	NA	NA	NA	NA	NA	NA	NA
SB0110_S24	9183	7473	81.38	6737	4244	46.22	3772	41.08	7/16/19	2019	Sediment	Pre	17:00:00	17:00:00	PM	0	3.5	SW	0	5	2	NA	NA	NA	NA	NA	35	1543	26	92	0.87	10.4	6.2	1	NA	0.161338	-0.482615	NA	NA	NA	NA	NA	NA	NA
SB0111_S25	3847	3313	86.12	2876	1854	48.19	1636	42.53	7/16/19	2019	Sediment	Pre	17:00:00	17:00:00	PM	0	3.5	SW	0	5	3	NA	NA	NA	NA	NA	18	1529	26	335	0.75	11	NA	1	NA	0.161338	-0.482615	NA	NA	NA	NA	NA	NA	NA
SB0112_S26	5726	4977	86.92	4562	3723	65.02	3504	61.19	7/16/19	2019	Sediment	Pre	17:00:00	17:00:00	PM	0	3.5	SW	0	5	4	P_0064	0.3495	0.150382	1.0475	-0.54616	70	1622	23.2	59	0.79	12	5	0	NA	0.161338	-0.482615	NA	NA	NA	NA	NA	NA	NA
SB0113_S27	11986	10619	88.6	9652	6050	50.48	5331	44.48	7/17/19	2019	Sediment	Pre	8:00:00	8:00:00	AM	0	1	W	0	100	1	P_0065	0.3	0.292838	1.024	-0.48141	95	1572	18.5	87	1.77	5.6	5.1	2.5	NA	0.164302	-0.337015	NA	NA	NA	NA	NA	NA	NA
SB0114_S28	835	698	83.59	574	386	46.23	364	43.59	7/17/19	2019	Sediment	Pre	8:00:00	8:00:00	AM	0	1	W	0	100	2	NA	NA	NA	NA	NA	64	1400	20	143	1.04	3	NA	3	NA	0.164302	-0.337015	NA	NA	NA	NA	NA	NA	NA
SB0115_S29	111	93	83.78	23	3	2.7	3	2.7	7/17/19	2019	Sediment	Pre	8:00:00	8:00:00	AM	0	1	W	0	100	3	NA	NA	NA	NA	NA	25	1195	19.6	346	0.86	2.2	NA	3	NA	0.164302	-0.337015	NA	NA	NA	NA	NA	NA	NA
SB0116_S30	18476	16079	87.03	14850	9684	52.41	8432	45.64	7/17/19	2019	Sediment	Pre	8:00:00	8:00:00	AM	0	1	W	0	100	4	P_0066	0.394	0.035766	0.946	-0.19262	140	1612	20.5	53	0.99	3.8	3	3.5	NA	0.164302	-0.337015	NA	NA	NA	NA	NA	NA	NA
SB0117_S31	20583	18169	88.27	16577	9717	47.21	8119	39.45	7/17/19	2019	Sediment	Pre	11:00:00	11:00:00	AM	0	1.6	W	0	10	1	P_0067	0.3215	0.228916	1.0185	-0.46497	44	3424	21.4	129	0.97	3.4	3.5	2	NA	0.2376725	-0.497705	NA	NA	NA	NA	NA	NA	NA
SB0118_S32	11829	10375	87.71	9765	7009	59.25	5267	44.53	7/17/19	2019	Sediment	Pre	11:00:00	11:00:00	AM	0	1.6	W	0	10	2	NA	NA	NA	NA	NA	40	1420	22.2	137	0.76	2.8	4	2	NA	0.2376725	-0.497705	NA	NA	NA	NA	NA	NA	NA
SB0119_S33	39368	34311	87.15	31935	18699	47.5	12398	31.49	7/17/19	2019	Sediment	Pre	11:00:00	11:00:00	AM	0	1.6	W	0	10	3	NA	NA	NA	NA	NA	25	1558	21.8	266	0.84	1.8	9.8	2	NA	0.2376725	-0.497705	NA	NA	NA	NA	NA	NA	NA
SB0121_S35	10607	8125	76.6	7235	4133	38.96	3631	34.23	7/17/19	2019	Sediment	Pre	14:00:00	14:00:00	PM	0	5.7	W	0	15	1	P_0069	0.2855	0.337815	0.9975	-0.39724	115	1521	23.3	42	1.25	1.7	6	2	NA	0.235348	-0.2006	NA	NA	NA	NA	NA	NA	NA
SB0122_S36	22096	19507	88.28	17965	11271	51.01	9657	43.7	7/17/19	2019	Sediment	Pre	14:00:00	14:00:00	PM	0	5.7	W	0	15	2	NA	NA	NA	NA	NA	45	1342	23.4	87	1.16	1.8	6.2	2	NA	0.235348	-0.2006	NA	NA	NA	NA	NA	NA	NA
SB0123_S37	15550	13575	87.3	12348	7355	47.3	6425	41.32	7/17/19	2019	Sediment	Pre	14:00:00	14:00:00	PM	0	5.7	W	0	15	3	NA	NA	NA	NA	NA	25	1517	23.1	197	1.1	1.1	12.5	1	NA	0.235348	-0.2006	NA	NA	NA	NA	NA	NA	NA
SB0124_S38	73	32	43.84	14	6	8.22	6	8.22	7/17/19	2019	Sediment	Pre	14:00:00	14:00:00	PM	0	5.7	W	0	15	4	P_0070	0.356	0.132881	0.909	-0.00396	80	1503	22.2	52	1.03	3.4	5.9	1	NA	0.235348	-0.2006	NA	NA	NA	NA	NA	NA	NA
SB0125_S39	11902	10333	86.82	9312	5344	44.9	4608	38.72	7/17/19	2019	Sediment	Pre	17:00:00	17:00:00	PM	0	3	W	0	90	1	P_0071	0.3015	0.288272	1.0725	-0.60619	85	1551	23.5	81	1.14	7.5	5.5	2	NA	0.2549815	-0.65651	NA	NA	NA	NA	NA	NA	NA
SB0126_S40	13351	11874	88.94	10779	6496	48.66	5466	40.94	7/17/19	2019	Sediment	Pre	17:00:00	17:00:00	PM	0	3	W	0	90	2	NA	NA	NA	NA	NA	88	1553	23.9	146	0.86	1.4	5.2	1	NA	0.2549815	-0.65651	NA	NA	NA	NA	NA	NA	NA
SB0128_S42	1	0	0	0	0	0	0	0	7/17/19	2019	Sediment	Pre	17:00:00	17:00:00	PM	0	3	W	0	90	4	P_0072	0.324	0.221691	1.1245	-0.70683	40	1548	21.9	62	1.59	0.2	3.5	1	NA	0.2549815	-0.65651	NA	NA	NA	NA	NA	NA	NA
SB0129_S43	6228	4649	74.65	4189	2947	47.32	2714	43.58	7/18/19	2019	Sediment	Pre	8:00:00	8:00:00	AM	200	0	NA	0	100	1	P_0073	0.285	0.339394	0.923	-0.08004	90	1632	21	57	1.51	3	5.5	2	7.4	0.1809055	0.0371835	NA	NA	NA	NA	NA	NA	NA
SB0130_S44	14516	12666	87.26	11724	7847	54.06	6455	44.47	7/18/19	2019	Sediment	Pre	8:00:00	8:00:00	AM	200	0	NA	0	100	2	NA	NA	NA	NA	NA	54	1721	22.8	121	1.92	1.6	7.1	2	7.3	0.1809055	0.0371835	NA	NA	NA	NA	NA	NA	NA
SB0131_S45	12479	10549	84.53	9868	7522	60.28	6803	54.52	7/18/19	2019	Sediment	Pre	8:00:00	8:00:00	AM	200	0	NA	0	100	3	NA	NA	NA	NA	NA	24	2894	23	385	1.1	3.6	NA	2.5	7.3	0.1809055	0.0371835	NA	NA	NA	NA	NA	NA	NA
SB0132_S46	13766	12098	87.88	11123	7036	51.11	6068	44.08	7/18/19	2019	Sediment	Pre	8:00:00	8:00:00	AM	200	0	NA	0	100	4	P_0074	0.3995	0.022417	0.883	0.154407	70	1584	22.3	94	0.31	2	4.1	2	7.3	0.1809055	0.0371835	NA	NA	NA	NA	NA	NA	NA
SB0133_S47	9835	8445	85.87	7785	5250	53.38	4477	45.52	7/18/19	2019	Sediment	Pre	11:14:00	11:00:00	AM	200	1.8	W	0	60	1	P_0075	0.349	0.15174	0.866	0.271336	50	1559	18.5	102	1.29	1.4	NA	1.5	7.4	0.1917785	-0.005997	NA	NA	NA	NA	NA	NA	NA
SB0134_S48	6677	5850	87.61	5094	2940	44.03	2548	38.16	7/18/19	2019	Sediment	Pre	11:14:00	11:00:00	AM	200	1.8	W	0	60	2	NA	NA	NA	NA	NA	45	1630	20.8	65	1.06	2.8	NA	1	7.8	0.1917785	-0.005997	NA	NA	NA	NA	NA	NA	NA
SB0135_S49	11252	9646	85.73	8639	4819	42.83	4136	36.76	7/18/19	2019	Sediment	Pre	11:14:00	11:00:00	AM	200	1.8	W	0	60	3	NA	NA	NA	NA	NA	25	1675	22.3	216	1.19	2	NA	1	7.3	0.1917785	-0.005997	NA	NA	NA	NA	NA	NA	NA
SB0136_S50	1	0	0	0	0	0	0	0	7/18/19	2019	Sediment	Pre	11:14:00	11:00:00	AM	200	1.8	W	0	60	4	P_0076	0.3205	0.231817	0.967	-0.28333	70	1650	22.4	80	1.32	2.2	NA	1.5	7.3	0.1917785	-0.005997	NA	NA	NA	NA	NA	NA	NA
SB0137_S51	13177	9651	73.24	8659	5129	38.92	4421	33.55	7/18/19	2019	Sediment	Pre	14:00:00	14:00:00	PM	200	4	W	0	25	1	P_0077	0.2715	0.382726	1.0715	-0.60395	75	1344	24.7	59	1.74	3.4	NA	3	7.3	0.255138	-0.30818	NA	NA	NA	NA	NA	NA	NA
SB0138_S52	15376	13472	87.62	12315	7592	49.38	6442	41.9	7/18/19	2019	Sediment	Pre	14:00:00	14:00:00	PM	200	4	W	0	25	2	NA	NA	NA	NA	NA	55	1537	24.2	77	1.19	1.1	NA	2	7.3	0.255138	-0.30818	NA	NA	NA	NA	NA	NA	NA
SB0139_S53	11309	9629	85.14	8464	4846	42.85	4259	37.66	7/18/19	2019	Sediment	Pre	14:00:00	14:00:00	PM	200	4	W	0	25	3	NA	NA	NA	NA	NA	30	1539	24.5	134	1.29	2.3	NA	0	7.4	0.255138	-0.30818	NA	NA	NA	NA	NA	NA	NA
SB0140_S54	13185	11609	88.05	10474	6174	46.83	5318	40.33	7/18/19	2019	Sediment	Pre	14:00:00	14:00:00	PM	200	4	W	0	25	4	P_0078	0.358	0.12755	0.9105	-0.01241	110	2287	23	42	1.44	1	NA	0	7.5	0.255138	-0.30818	NA	NA	NA	NA	NA	NA	NA
SB0141_S55	11931	10228	85.73	9064	5107	42.8	4463	37.41	7/18/19	2019	Sediment	Pre	17:00:00	17:00:00	PM	200	5	W	0	90	1	P_0079	0.349	0.15174	1.0505	-0.55382	55	1549	23	67	1.59	2.5	NA	1.5	7.2	0.120691	-0.5487	NA	NA	NA	NA	NA	NA	NA
SB0142_S56	15176	13290	87.57	11997	7029	46.32	5885	38.78	7/18/19	2019	Sediment	Pre	17:00:00	17:00:00	PM	200	5	W	0	90	2	NA	NA	NA	NA	NA	70	1595	22.6	115	1.22	2	NA	1	7.2	0.120691	-0.5487	NA	NA	NA	NA	NA	NA	NA
SB0143_S57	16444	12465	75.8	10895	5638	34.29	4930	29.98	7/18/19	2019	Sediment	Pre	17:00:00	17:00:00	PM	200	5	W	0	90	3	NA	NA	NA	NA	NA	25	1621	22.5	407	1.23	1.8	NA	1	7.2	0.120691	-0.5487	NA	NA	NA	NA	NA	NA	NA
SB0144_S58	13941	9715	69.69	8640	4594	32.95	4030	28.91	7/18/19	2019	Sediment	Pre	17:00:00	17:00:00	PM	200	5	W	0	90	4	P_0080	0.3725	0.089642	1.0465	-0.54358	55	1650	22	91	1.4	1.6	NA	1	7.5	0.120691	-0.5487	NA	NA	NA	NA	NA	NA	NA
SB0145_S59	12522	10891	86.97	10061	6348	50.69	5364	42.84	7/19/19	2019	Sediment	Pre	8:00:00	8:00:00	AM	53	2	W	6	100	1	P_0081	0.2955	0.306632	1.0835	-0.63003	300	3801	15.9	16	1.28	51	5.1	2.5	7.5	0.058071	-0.56226	NA	NA	NA	NA	NA	NA	NA
SB0146_S60	20011	17109	85.5	15678	9025	45.1	7440	37.18	7/19/19	2019	Sediment	Pre	8:00:00	8:00:00	AM	53	2	W	6	100	2	NA	NA	NA	NA	NA	100	1547	15.9	55	1.39	28.8	5.3	2	7.4	0.058071	-0.56226	NA	NA	NA	NA	NA	NA	NA
SB0147_S61	13986	12178	87.07	11137	7035	50.3	6002	42.91	7/19/19	2019	Sediment	Pre	8:00:00	8:00:00	AM	53	2	W	6	100	3	NA	NA	NA	NA	NA	90	1558	17	71	1.25	31.8	5.6	2	7.6	0.058071	-0.56226	NA	NA	NA	NA	NA	NA	NA
SB0148_S62	12088	10320	85.37	9316	5429	44.91	4620	38.22	7/19/19	2019	Sediment	Pre	8:00:00	8:00:00	AM	53	2	W	6	100	4	P_0082	0.4985	-0.19049	1.0285	-0.49449	230	3451	15.8	22	1.29	17.4	10	1	7.8	0.058071	-0.56226	NA	NA	NA	NA	NA	NA	NA
SB0149_S63	14123	12534	88.75	11133	6597	46.71	5915	41.88	7/19/19	2019	Sediment	Pre	11:10:00	11:00:00	AM	25.9	3	W	0	100	1	P_0083	0.4365	-0.06302	0.9295	-0.11336	230	1614	15.1	3	1.36	47.6	3.8	1	7.4	0.082948	-0.224775	NA	NA	NA	NA	NA	NA	NA
SB0150_S64	10000	8484	84.84	7553	4146	41.46	3564	35.64	7/19/19	2019	Sediment	Pre	11:10:00	11:00:00	AM	25.9	3	W	0	100	2	NA	NA	NA	NA	NA	165	1560	15.5	16	1.93	42.2	2.8	1.5	7.4	0.082948	-0.224775	NA	NA	NA	NA	NA	NA	NA
SB0151_S65	12639	7305	57.8	6356	3715	29.39	3388	26.81	7/19/19	2019	Sediment	Pre	11:10:00	11:00:00	AM	25.9	3	W	0	100	3	NA	NA	NA	NA	NA	160	1611	16.1	11	0.09	25.5	5.9	0.5	7.5	0.082948	-0.224775	NA	NA	NA	NA	NA	NA	NA
SB0152_S66	7564	5006	66.18	4410	2694	35.62	2404	31.78	7/19/19	2019	Sediment	Pre	11:10:00	11:00:00	AM	25.9	3	W	0	100	4	P_0084	0.3215	0.228916	0.9805	-0.33619	220	1635	16.1	13	1.06	28.2	1.4	1.5	7.7	0.082948	-0.224775	NA	NA	NA	NA	NA	NA	NA
SB0153_S67	12305	10868	88.32	9776	6613	53.74	5984	48.63	7/19/19	2019	Sediment	Pre	14:00:00	14:00:00	PM	23.7	4.1	NW	0	90	1	P_0085	0.366	0.106475	1.092	-0.64745	300	3944	18	0	1.71	55.2	6.3	1.5	7.4	0.0414675	-0.62	NA	NA	NA	NA	NA	NA	NA
SB0154_S68	9667	8220	85.03	7396	4468	46.22	3775	39.05	7/19/19	2019	Sediment	Pre	14:00:00	14:00:00	PM	23.7	4.1	NW	0	90	2	NA	NA	NA	NA	NA	160	1603	17.6	6	1.52	64.4	4.5	2	7.4	0.0414675	-0.62	NA	NA	NA	NA	NA	NA	NA
SB0155_S69	8645	7684	88.88	6684	3948	45.67	3550	41.06	7/19/19	2019	Sediment	Pre	14:00:00	14:00:00	PM	23.7	4.1	NW	0	90	3	NA	NA	NA	NA	NA	210	1601	17.4	11	1.24	50.8	4	2	7.4	0.0414675	-0.62	NA	NA	NA	NA	NA	NA	NA
SB0156_S70	13278	11367	85.61	10384	6441	48.51	5865	44.17	7/19/19	2019	Sediment	Pre	14:00:00	14:00:00	PM	23.7	4.1	NW	0	90	4	P_0086	0.419	-0.02354	1.0665	-0.59255	290	1577	15.6	9	1.12	38.4	8.3	0	7.5	0.0414675	-0.62	NA	NA	NA	NA	NA	NA	NA
SB0157_S71	14221	12513	87.99	11294	7395	52	6701	47.12	7/19/19	2019	Sediment	Pre	17:00:00	17:00:00	PM	19	4.2	NW	0	65	1	P_0087	0.451	-0.09452	1.0595	-0.57604	300	2298	17.6	0	1.51	NA	7.7	2.5	7.4	-0.0176425	-0.333235	NA	NA	NA	NA	NA	NA	NA
SB0158_S72	12416	10840	87.31	9829	5701	45.92	5084	40.95	7/19/19	2019	Sediment	Pre	17:00:00	17:00:00	PM	19	4.2	NW	0	65	2	NA	NA	NA	NA	NA	200	1782	17.8	15	1.37	55.8	7	2	7.4	-0.0176425	-0.333235	NA	NA	NA	NA	NA	NA	NA
SB0159_S73	25737	10028	38.96	8689	4969	19.31	4453	17.3	7/19/19	2019	Sediment	Pre	17:00:00	17:00:00	PM	19	4.2	NW	0	65	3	NA	NA	NA	NA	NA	145	1508	18.1	8	1.13	61.2	3.6	0	7.5	-0.0176425	-0.333235	NA	NA	NA	NA	NA	NA	NA
SB0160_S74	11318	6439	56.89	5715	3110	27.48	2704	23.89	7/19/19	2019	Sediment	Pre	17:00:00	17:00:00	PM	19	4.2	NW	0	65	4	P_0088a	0.3845	0.059235	0.925	-0.09043	270	1567	17.6	11	1.14	59.4	7.5	0	7.4	-0.0176425	-0.333235	NA	NA	NA	NA	NA	NA	NA
SB0389_S75	1400	1142	81.57	1041	896	64	853	60.93	9/10/19	2019	Sediment	Post	8:35:00	8:00:00	AM	0	3.1	W	0	0	1	P_0169	0.77535	-0.11292	0.7742	-0.104	420	1696	21	8	1.43	12.8	3.9	2	7.6	-0.088125	-0.488235	NA	NA	NA	NA	NA	NA	NA
SB0390_S76	14822	12778	86.21	11580	7415	50.03	6751	45.55	9/10/19	2019	Sediment	Post	8:35:00	8:00:00	AM	0	3.1	W	0	0	2	NA	NA	NA	NA	NA	420	1675	22	2	1.11	17.4	1.2	2	7.5	-0.088125	-0.488235	NA	NA	NA	NA	NA	NA	NA
SB0391_S77	14250	12492	87.66	11115	7338	51.49	6700	47.02	9/10/19	2019	Sediment	Post	8:35:00	8:00:00	AM	0	3.1	W	0	0	3	NA	NA	NA	NA	NA	240	1653	22	18	1.03	14.2	3.3	1	7.6	-0.088125	-0.488235	NA	NA	NA	NA	NA	NA	NA
SB0392_S78	16637	14449	86.85	13095	8490	51.03	7608	45.73	9/10/19	2019	Sediment	Post	8:35:00	8:00:00	AM	0	3.1	W	0	0	4	P_0170	0.7386	-0.06333	0.9908	-0.87247	360	1654	23	10	0.76	14	4	2	7.6	-0.088125	-0.488235	NA	NA	NA	NA	NA	NA	NA
SB0393_S79	10463	9142	87.37	8201	5541	52.96	5005	47.84	9/10/19	2019	Sediment	Post	11:49:00	11:00:00	AM	0	4	W	0	0	1	P_0171	0.78525	-0.12582	0.6158	2.728223	340	1725	22	2	1.3	16.2	3.1	2	7.6	-0.10618	1.79876	NA	NA	NA	NA	NA	NA	NA
SB0394_S80	19817	17430	87.95	15845	9648	48.69	8407	42.42	9/10/19	2019	Sediment	Post	11:49:00	11:00:00	AM	0	4	W	0	0	2	NA	NA	NA	NA	NA	340	1671	22	5	1.25	15.8	4.2	1	7.6	-0.10618	1.79876	NA	NA	NA	NA	NA	NA	NA
SB0395_S81	11068	7999	72.27	6770	3933	35.53	3507	31.69	9/10/19	2019	Sediment	Post	11:49:00	11:00:00	AM	0	4	W	0	0	3	NA	NA	NA	NA	NA	120	1630	23	20	1.01	13.8	4.4	2	7.6	-0.10618	1.79876	NA	NA	NA	NA	NA	NA	NA
SB0396_S82	9365	5546	59.22	4783	2824	30.15	2557	27.3	9/10/19	2019	Sediment	Post	11:49:00	11:00:00	AM	0	4	W	0	0	4	P_0172	0.75555	-0.08654	0.6925	0.869297	180	1729	22	22	1.18	11	4.3	2	7.6	-0.10618	1.79876	NA	NA	NA	NA	NA	NA	NA
SB0397_S83	7562	6626	87.62	5709	3688	48.77	3302	43.67	9/10/19	2019	Sediment	Post	14:08:00	14:00:00	PM	0	3.3	W	0	0	1	P_0173	0.75835	-0.09031	0.58335	3.99287	NA	1739	23	26	1.58	13.8	4.9	1	7.6	-0.096565	2.2973905	NA	NA	NA	NA	NA	NA	NA
SB0398_S84	11380	9843	86.49	8717	5508	48.4	4877	42.86	9/10/19	2019	Sediment	Post	14:08:00	14:00:00	PM	0	3.3	W	0	0	2	NA	NA	NA	NA	NA	120	1700	24	29	1.52	19	4.1	1	7.5	-0.096565	2.2973905	NA	NA	NA	NA	NA	NA	NA
SB0399_S85	8992	7799	86.73	6940	4555	50.66	4113	45.74	9/10/19	2019	Sediment	Post	14:08:00	14:00:00	PM	0	3.3	W	0	0	3	NA	NA	NA	NA	NA	55	1700	24.5	72	1.14	18.4	3.5	1	7.5	-0.096565	2.2973905	NA	NA	NA	NA	NA	NA	NA
SB0400_S86	16311	14232	87.25	12937	8309	50.94	7560	46.35	9/10/19	2019	Sediment	Post	14:08:00	14:00:00	PM	0	3.3	W	0	0	4	P_0174	0.7677	-0.10282	0.70965	0.601911	90	1756	24.5	57	1.21	14.4	3.9	0	7.5	-0.096565	2.2973905	NA	NA	NA	NA	NA	NA	NA
SB0401_S87	8307	7252	87.3	6564	4850	58.38	4475	53.87	9/10/19	2019	Sediment	Post	17:10:00	17:00:00	PM	0	4.2	W	0	0	1	P_0175	0.80105	-0.14603	0.67825	1.125114	75	1666	23	46	1.86	7.5	8.3	2	7.5	-0.146	1.2049615	NA	NA	NA	NA	NA	NA	NA
SB0402_S88	16856	15284	90.67	13881	8732	51.8	7597	45.07	9/10/19	2019	Sediment	Post	17:10:00	17:00:00	PM	0	4.2	W	0	0	2	NA	NA	NA	NA	NA	60	1664	23	123	1.63	7.7	9.2	1	7.5	-0.146	1.2049615	NA	NA	NA	NA	NA	NA	NA
SB0403_S89	9282	8137	87.66	7196	4587	49.42	4210	45.36	9/10/19	2019	Sediment	Post	17:10:00	17:00:00	PM	0	4.2	W	0	0	3	NA	NA	NA	NA	NA	60	1656	24	92	1.43	7.4	7.6	1	7.6	-0.146	1.2049615	NA	NA	NA	NA	NA	NA	NA
SB0404_S90	10944	9853	90.03	8737	6025	55.05	5527	50.5	9/10/19	2019	Sediment	Post	17:10:00	17:00:00	PM	0	4.2	W	0	0	4	P_0176	0.801	-0.14597	0.6702	1.284809	80	1574	23	45	1.31	9.4	7.3	0	7.6	-0.146	1.2049615	NA	NA	NA	NA	NA	NA	NA
SB0405_S91	8681	7623	87.81	6798	4898	56.42	4453	51.3	9/11/19	2019	Sediment	Post	8:15:00	8:00:00	AM	29.6	1.6	E	3	100	1	P_0177	0.83615	-0.18926	0.70915	0.609136	900	1852	16	5	1.06	47.4	6.7	3	7.6	-0.160795	0.641263	NA	NA	NA	NA	NA	NA	NA
SB0406_S92	1	1	100	1	1	100	1	100	9/11/19	2019	Sediment	Post	8:15:00	8:00:00	AM	29.6	1.6	E	3	100	2	NA	NA	NA	NA	NA	300	1744	17	39	1.04	36.9	11.8	2	7.2	-0.160795	0.641263	NA	NA	NA	NA	NA	NA	NA
SB0407_S93	8500	7446	87.6	6502	4324	50.87	3924	46.16	9/11/19	2019	Sediment	Post	8:15:00	8:00:00	AM	29.6	1.6	E	3	100	3	NA	NA	NA	NA	NA	600	1702	19	26	1.03	33.9	2	1	7.6	-0.160795	0.641263	NA	NA	NA	NA	NA	NA	NA
SB0408_S94	12965	11766	90.75	10674	7638	58.91	6361	49.06	9/11/19	2019	Sediment	Post	8:15:00	8:00:00	AM	29.6	1.6	E	3	100	4	P_0178	0.7903	-0.13233	0.7048	0.67339	360	1657	19	7	1.25	32.4	4	3	7.5	-0.160795	0.641263	NA	NA	NA	NA	NA	NA	NA
SB0409_S95	7097	6200	87.36	5498	4287	60.41	4039	56.91	9/11/19	2019	Sediment	Post	11:20:00	11:00:00	AM	16.8	1	N	0	0	1	P_0179	0.8219	-0.17198	0.6874	0.957107	900	1756	20	3	1.17	28.6	7.5	0	7.7	-0.158785	1.2095735	NA	NA	NA	NA	NA	NA	NA
SB0410_S96	13041	11804	90.51	11032	8821	67.64	7381	56.6	9/11/19	2019	Sediment	Post	11:20:00	11:00:00	AM	16.8	1	N	0	0	2	NA	NA	NA	NA	NA	300	1785	21	13	1.05	29.6	1.7	1	7.6	-0.158785	1.2095735	NA	NA	NA	NA	NA	NA	NA
SB0411_S97	1961	1693	86.33	1471	1223	62.37	1197	61.04	9/11/19	2019	Sediment	Post	11:20:00	11:00:00	AM	16.8	1	N	0	0	3	NA	NA	NA	NA	NA	360	1774	20	19	1.2	27.5	4.6	0	7.6	-0.158785	1.2095735	NA	NA	NA	NA	NA	NA	NA
SB0412_S98	139	126	90.65	98	93	66.91	93	66.91	9/11/19	2019	Sediment	Post	11:20:00	11:00:00	AM	16.8	1	N	0	0	4	P_0180	0.8007	-0.14559	0.6619	1.46204	540	1715	17	5	0.95	20.5	3.8	0	7.6	-0.158785	1.2095735	NA	NA	NA	NA	NA	NA	NA
SB0413_S99	3683	3210	87.16	2872	2552	69.29	2439	66.22	9/11/19	2019	Sediment	Post	14:00:00	14:00:00	PM	14.5	4.3	W	0	0	1	P_0181	0.78005	-0.11907	0.599	3.336843	300	1593	20.2	0	1.19	25.8	7	2	7.5	-0.1229	2.307233	NA	NA	NA	NA	NA	NA	NA
SB0414_S100	2	1	50	1	1	50	1	50	9/11/19	2019	Sediment	Post	14:00:00	14:00:00	PM	14.5	4.3	W	0	0	2	NA	NA	NA	NA	NA	240	1688	23	11	1.17	23.7	4.8	3	7.5	-0.1229	2.307233	NA	NA	NA	NA	NA	NA	NA
SB0415_S101	5910	5016	84.87	4425	3129	52.94	2956	50.02	9/11/19	2019	Sediment	Post	14:00:00	14:00:00	PM	14.5	4.3	W	0	0	3	NA	NA	NA	NA	NA	360	1666	22.8	6	1.06	24.8	3.9	3	7.5	-0.1229	2.307233	NA	NA	NA	NA	NA	NA	NA
SB0416_S102	11880	10678	89.88	9565	6703	56.42	6311	53.12	9/11/19	2019	Sediment	Post	14:00:00	14:00:00	PM	14.5	4.3	W	0	0	4	P_0182	0.78595	-0.12673	0.67055	1.277623	360	1657	21.5	0	0.83	22.3	1.7	4	7.5	-0.1229	2.307233	NA	NA	NA	NA	NA	NA	NA
SB0417_S103	9144	8078	88.34	7327	5401	59.07	4955	54.19	9/11/19	2019	Sediment	Post	17:05:00	17:00:00	PM	12.9	2.5	W	0	0	1	P_0183	0.8163	-0.16509	0.73945	0.225036	240	1842	18	14	1.38	21.5	8.7	2	7.6	-0.155025	0.6201195	NA	NA	NA	NA	NA	NA	NA
SB0418_S104	17995	15968	88.74	14750	10470	58.18	9176	50.99	9/11/19	2019	Sediment	Post	17:05:00	17:00:00	PM	12.9	2.5	W	0	0	2	NA	NA	NA	NA	NA	300	1747	21	27	1.19	20.9	4.8	2	7.5	-0.155025	0.6201195	NA	NA	NA	NA	NA	NA	NA
SB0419_S105	9544	8428	88.31	7477	5250	55.01	4818	50.48	9/11/19	2019	Sediment	Post	17:05:00	17:00:00	PM	12.9	2.5	W	0	0	3	NA	NA	NA	NA	NA	360	1750	22	16	1.11	21.9	2.3	2	7.4	-0.155025	0.6201195	NA	NA	NA	NA	NA	NA	NA
SB0420_S106	3055	2634	86.22	2417	2242	73.39	2205	72.18	9/11/19	2019	Sediment	Post	17:05:00	17:00:00	PM	12.9	2.5	W	0	0	4	P_0184	0.8002	-0.14496	0.68415	1.015203	900	1745	20	13	1.08	25.6	2	1	7.5	-0.155025	0.6201195	NA	NA	NA	NA	NA	NA	NA
SB0421_S107	2564	2260	88.14	1962	1689	65.87	1606	62.64	9/12/19	2019	Sediment	Post	8:00:00	8:00:00	AM	0	10	SE	0	NA	1	P_0185	0.80545	-0.15157	0.64145	1.959613	420	1120	15	5	1.25	30.4	4.5	0	7.6	-0.11097	2.550006	NA	NA	NA	NA	NA	NA	NA
SB0423_S109	6652	5765	86.67	5098	3894	58.54	3694	55.53	9/12/19	2019	Sediment	Post	8:00:00	8:00:00	AM	0	10	SE	0	NA	3	NA	NA	NA	NA	NA	300	1702	17	15	1.14	44.6	2.5	1	7.6	-0.11097	2.550006	NA	NA	NA	NA	NA	NA	NA
SB0424_S110	13032	11373	87.27	10116	6772	51.96	6256	48	9/12/19	2019	Sediment	Post	8:00:00	8:00:00	AM	0	10	SE	0	NA	4	P_0186	0.7437	-0.07037	0.60415	3.140399	420	1657	17	11	1.65	37.6	0.8	2	7.7	-0.11097	2.550006	NA	NA	NA	NA	NA	NA	NA
SB0425_S111	12413	10935	88.09	9789	6391	51.49	5756	46.37	9/12/19	2019	Sediment	Post	11:00:00	11:00:00	AM	0	0	NA	0	NA	1	P_0187	0.7503	-0.07941	0.57895	4.194575	180	1600	24.5	49	1.41	45.6	5	1	7.7	-0.126035	2.1991485	NA	NA	NA	NA	NA	NA	NA
SB0426_S112	15123	13084	86.52	11795	8134	53.79	7373	48.75	9/12/19	2019	Sediment	Post	11:00:00	11:00:00	AM	0	0	NA	0	NA	2	NA	NA	NA	NA	NA	180	1644	23	11	1.18	46.6	1.8	0	7.6	-0.126035	2.1991485	NA	NA	NA	NA	NA	NA	NA
SB0427_S113	14883	12167	81.75	10911	6851	46.03	6267	42.11	9/12/19	2019	Sediment	Post	11:00:00	11:00:00	AM	0	0	NA	0	NA	3	NA	NA	NA	NA	NA	300	1665	22	29	1.18	45.8	6.4	0	7.6	-0.126035	2.1991485	NA	NA	NA	NA	NA	NA	NA
SB0428_S114	10977	9558	87.07	8652	6233	56.78	5689	51.83	9/12/19	2019	Sediment	Post	11:00:00	11:00:00	AM	0	0	NA	0	NA	4	P_0188	0.82245	-0.17266	0.7414	0.203722	360	1641	20.6	9	1.26	52	0.9	1	7.6	-0.126035	2.1991485	NA	NA	NA	NA	NA	NA	NA
SB0429_S115	12021	10170	84.6	9334	6763	56.26	5885	48.96	9/12/19	2019	Sediment	Post	14:09:00	14:00:00	PM	0	NA	W	0	0	1	P_0189	0.76565	-0.10009	0.81855	-0.3989	110	1720	21.3	59	1.51	46.8	2.5	NA	NA	-0.086605	0.5304625	NA	NA	NA	NA	NA	NA	NA
SB0430_S116	1	0	0	0	0	0	0	0	9/12/19	2019	Sediment	Post	14:09:00	14:00:00	PM	0	NA	W	0	0	2	NA	NA	NA	NA	NA	80	1706	20.2	36	1.27	43.8	2.4	0	7.5	-0.086605	0.5304625	NA	NA	NA	NA	NA	NA	NA
SB0431_S117	12233	10132	82.83	9041	5773	47.19	5187	42.4	9/12/19	2019	Sediment	Post	14:09:00	14:00:00	PM	0	NA	W	0	0	3	NA	NA	NA	NA	NA	70	1606	20.5	74	1.17	41.2	3.3	0	7.6	-0.086605	0.5304625	NA	NA	NA	NA	NA	NA	NA
SB0432_S118	8001	7027	87.83	6544	6014	75.17	5809	72.6	9/12/19	2019	Sediment	Post	14:09:00	14:00:00	PM	0	NA	W	0	0	4	P_0190	0.7457	-0.07312	0.662	1.459825	330	1683	21	20	1.05	45.2	1.9	0	7.5	-0.086605	0.5304625	NA	NA	NA	NA	NA	NA	NA
SB0437_S119	5724	4338	75.79	4151	3909	68.29	3826	66.84	9/13/19	2019	Sediment	Post	8:03:00	8:00:00	AM	20.2	1.9	E	7.8	0	1	P_0193	0.76635	-0.10102	0.7133	0.550138	420	1725	16.7	12	1.3	25.4	2.7	2	7.5	-0.102185	0.4386735	NA	NA	NA	NA	NA	NA	NA
SB0438_S120	10898	9744	89.41	8642	5268	48.34	4675	42.9	9/13/19	2019	Sediment	Post	8:03:00	8:00:00	AM	20.2	1.9	E	7.8	0	2	NA	NA	NA	NA	NA	360	1727	17.7	9	1.18	24.8	2.1	2	7.5	-0.102185	0.4386735	NA	NA	NA	NA	NA	NA	NA
SB0439_S121	714	547	76.61	412	315	44.12	299	41.88	9/13/19	2019	Sediment	Post	8:03:00	8:00:00	AM	20.2	1.9	E	7.8	0	3	NA	NA	NA	NA	NA	250	1667	20.5	58	1.13	30.3	2	1.5	7.5	-0.102185	0.4386735	NA	NA	NA	NA	NA	NA	NA
SB0440_S122	29	17	58.62	8	8	27.59	8	27.59	9/13/19	2019	Sediment	Post	8:03:00	8:00:00	AM	20.2	1.9	E	7.8	0	4	P_0194	0.7681	-0.10335	0.73055	0.327209	480	1631	19	12	1.26	27.4	1	2	7.5	-0.102185	0.4386735	NA	NA	NA	NA	NA	NA	NA
SB0441_S123	2	0	0	0	0	0	0	0	9/13/19	2019	Sediment	Post	10:57:00	11:00:00	AM	12.7	2	SE	7.8	0	1	P_0195	0.7793	-0.11809	0.63345	2.180587	560	1700	23.7	18	1.31	29.9	6.2	0	7.5	-0.129555	1.789596	NA	NA	NA	NA	NA	NA	NA
SB0442_S124	7168	6345	88.52	5751	4319	60.25	3406	47.52	9/13/19	2019	Sediment	Post	10:57:00	11:00:00	AM	12.7	2	SE	7.8	0	2	NA	NA	NA	NA	NA	145	1732	22.2	12	1.42	29.2	3.3	0	7.5	-0.129555	1.789596	NA	NA	NA	NA	NA	NA	NA
SB0443_S125	12051	10815	89.74	9600	6015	49.91	5423	45	9/13/19	2019	Sediment	Post	10:57:00	11:00:00	AM	12.7	2	SE	7.8	0	3	NA	NA	NA	NA	NA	360	1711	21.6	40	1.23	27.7	2.4	0	7.4	-0.129555	1.789596	NA	NA	NA	NA	NA	NA	NA
SB0444_S126	284	105	36.97	64	44	15.49	44	15.49	9/13/19	2019	Sediment	Post	10:57:00	11:00:00	AM	12.7	2	SE	7.8	0	4	P_0196	0.7971	-0.14102	0.6648	1.398605	480	1731	19.4	13	1.17	28.5	1.4	0	7.4	-0.129555	1.789596	NA	NA	NA	NA	NA	NA	NA
SB0445_S127	17640	15849	89.85	14211	9249	52.43	8361	47.4	9/13/19	2019	Sediment	Post	14:04:00	14:00:00	PM	10.9	3	W	0	10	1	P_0197	0.7635	-0.09722	0.60975	2.936874	290	1678	22.6	20	1.33	29	8.3	3	7.5	-0.08743	2.188426	NA	NA	NA	NA	NA	NA	NA
SB0446_S128	31	23	74.19	9	9	29.03	9	29.03	9/13/19	2019	Sediment	Post	14:04:00	14:00:00	PM	10.9	3	W	0	10	2	NA	NA	NA	NA	NA	260	1700	24.9	5	1.28	25.5	4.4	4	7.5	-0.08743	2.188426	NA	NA	NA	NA	NA	NA	NA
SB0447_S129	5680	4852	85.42	4293	3313	58.33	3176	55.92	9/13/19	2019	Sediment	Post	14:04:00	14:00:00	PM	10.9	3	W	0	10	3	NA	NA	NA	NA	NA	240	1659	26.7	21	1.19	27	2.8	3	7.4	-0.08743	2.188426	NA	NA	NA	NA	NA	NA	NA
SB0448_S130	288	243	84.38	176	113	39.24	111	38.54	9/13/19	2019	Sediment	Post	14:04:00	14:00:00	PM	10.9	3	W	0	10	4	P_0198	0.749	-0.07764	0.6629	1.439978	780	1699	23.4	4	1.18	29.1	6.1	3	7.4	-0.08743	2.188426	NA	NA	NA	NA	NA	NA	NA
SB0449_S131	1	1	100	1	1	100	1	100	9/13/19	2019	Sediment	Post	17:07:00	17:00:00	PM	10.4	1.9	W	0	5	1	P_0199	0.7785	-0.11705	0.68135	1.066637	310	1702	23.2	13	1.43	23.9	7	3	7.5	-0.124565	2.145871	NA	NA	NA	NA	NA	NA	NA
SB0450_S132	3351	2856	85.23	2611	2349	70.1	2261	67.47	9/13/19	2019	Sediment	Post	17:07:00	17:00:00	PM	10.4	1.9	W	0	5	2	NA	NA	NA	NA	NA	160	1675	25.7	23	1.32	22.5	3.5	3	7.4	-0.124565	2.145871	NA	NA	NA	NA	NA	NA	NA
SB0451_S133	43	24	55.81	6	6	13.95	6	13.95	9/13/19	2019	Sediment	Post	17:07:00	17:00:00	PM	10.4	1.9	W	0	5	3	NA	NA	NA	NA	NA	180	1718	22.8	36	1.19	24.4	2.6	2.5	7.4	-0.124565	2.145871	NA	NA	NA	NA	NA	NA	NA
SB0452_S134	9051	7881	87.07	7167	4896	54.09	4284	47.33	9/13/19	2019	Sediment	Post	17:07:00	17:00:00	PM	10.4	1.9	W	0	5	4	P_0200	0.7901	-0.13208	0.6019	3.225105	540	1671	21.3	17	1.15	26.4	2.4	1.5	7.5	-0.124565	2.145871	NA	NA	NA	NA	NA	NA	NA
SB0453_S135	15538	13699	88.16	12496	8229	52.96	7405	47.66	9/14/19	2019	Sediment	Post	8:09:00	8:00:00	AM	0	0	NA	7.8	0	1	P_0201	0.7712	-0.10745	0.60365	3.159074	200	1684	20.5	57	1.17	24.6	1.4	4	7.5	-0.08867	3.040017	NA	NA	NA	NA	NA	NA	NA
SB0454_S136	1	0	0	0	0	0	0	0	9/14/19	2019	Sediment	Post	8:09:00	8:00:00	AM	0	0	NA	7.8	0	2	NA	NA	NA	NA	NA	120	1685	19.3	33	1.12	20.9	1.3	3.5	7.5	-0.08867	3.040017	NA	NA	NA	NA	NA	NA	NA
SB0455_S137	4847	4156	85.74	3739	3126	64.49	3061	63.15	9/14/19	2019	Sediment	Post	8:09:00	8:00:00	AM	0	0	NA	7.8	0	3	NA	NA	NA	NA	NA	80	1685	19.9	26	0.97	25.9	2.7	3.5	7.4	-0.08867	3.040017	NA	NA	NA	NA	NA	NA	NA
SB0457_S139	14169	12442	87.81	11343	7407	52.28	6777	47.83	9/14/19	2019	Sediment	Post	11:05:00	11:00:00	AM	0	3.8	W	7.8	0	1	P_0203	0.77955	-0.11842	0.67555	1.177392	300	1702	20.6	48	1.38	31.4	3.3	4	7.5	-0.10645	2.286593	NA	NA	NA	NA	NA	NA	NA
SB0458_S140	16041	14159	88.27	12796	8438	52.6	7260	45.26	9/14/19	2019	Sediment	Post	11:05:00	11:00:00	AM	0	3.8	W	7.8	0	2	NA	NA	NA	NA	NA	300	1710	23.9	10	1.17	49	3.9	5	7.5	-0.10645	2.286593	NA	NA	NA	NA	NA	NA	NA
SB0459_S141	764	644	84.29	509	432	56.54	401	52.49	9/14/19	2019	Sediment	Post	11:05:00	11:00:00	AM	0	3.8	W	7.8	0	3	NA	NA	NA	NA	NA	180	1685	27.1	32	1.1	59.2	2.4	3	7.6	-0.10645	2.286593	NA	NA	NA	NA	NA	NA	NA
SB0460_S142	3	1	33.33	1	1	33.33	1	33.33	9/14/19	2019	Sediment	Post	11:05:00	11:00:00	AM	0	3.8	W	7.8	0	4	P_0204	0.76145	-0.09448	0.5975	3.395794	300	1675	26.8	14	1.11	36.2	1.4	3	7.5	-0.10645	2.286593	NA	NA	NA	NA	NA	NA	NA
SB0461_S143	4775	4278	89.59	3542	2129	44.59	1924	40.29	9/14/19	2019	Sediment	Post	14:28:00	14:00:00	PM	0	3.8	W	0	20	1	P_0205	0.7541	-0.08457	0.60785	3.00478	120	1722	20.9	38	1.4	57.6	2.2	4	7.5	-0.064675	2.6718885	NA	NA	NA	NA	NA	NA	NA
SB0462_S144	8	0	0	0	0	0	0	0	9/14/19	2019	Sediment	Post	14:28:00	14:00:00	PM	0	3.8	W	0	20	2	NA	NA	NA	NA	NA	180	1720	20.6	41	1.16	NA	3	3	7.5	-0.064675	2.6718885	NA	NA	NA	NA	NA	NA	NA
SB0463_S145	14	2	14.29	1	0	0	0	0	9/14/19	2019	Sediment	Post	14:28:00	14:00:00	PM	0	3.8	W	0	20	3	NA	NA	NA	NA	NA	170	1541	20.7	25	1.2	58.4	3	4	7.5	-0.064675	2.6718885	NA	NA	NA	NA	NA	NA	NA
SB0464_S146	785	641	81.66	507	432	55.03	430	54.78	9/14/19	2019	Sediment	Post	14:28:00	14:00:00	PM	0	3.8	W	0	20	4	P_0206	0.72535	-0.04478	0.62805	2.338997	300	1681	21.5	13	1.08	52	3	2	7.5	-0.064675	2.6718885	NA	NA	NA	NA	NA	NA	NA
SB0465_S147	12352	10968	88.8	9930	6684	54.11	6072	49.16	9/14/19	2019	Sediment	Post	17:16:00	17:00:00	PM	0	2.6	W	0	3	1	P_0207	0.76635	-0.10102	0.61735	2.67657	180	1617	23.4	4	1.42	57.6	5.9	2	7.5	-0.082035	2.9680205	NA	NA	NA	NA	NA	NA	NA
SB0466_S148	404	309	76.49	219	134	33.17	134	33.17	9/14/19	2019	Sediment	Post	17:16:00	17:00:00	PM	0	2.6	W	0	3	2	NA	NA	NA	NA	NA	120	1703	20.8	40	1.39	67.2	5.3	2	7.5	-0.082035	2.9680205	NA	NA	NA	NA	NA	NA	NA
SB0467_S149	29	4	13.79	1	1	3.45	1	3.45	9/14/19	2019	Sediment	Post	17:16:00	17:00:00	PM	0	2.6	W	0	3	3	NA	NA	NA	NA	NA	120	1649	23.7	11	1.34	64.8	4.1	2	7.5	-0.082035	2.9680205	NA	NA	NA	NA	NA	NA	NA
SB0468_S150	10	1	10	1	1	10	1	10	9/14/19	2019	Sediment	Post	17:16:00	17:00:00	PM	0	2.6	W	0	3	4	P_0208	0.7384	-0.06305	0.601	3.259471	180	1636	23.6	0	1.24	68.1	4.3	3	7.5	-0.082035	2.9680205	NA	NA	NA	NA	NA	NA	NA